agent_name,fb_slug,facebook_url,active_ads,unis_found,status,search_url,ad_num,ad_text
One Education Consulting,OneEducationGroup,https://www.facebook.com/OneEducationGroup,290,,ok,https://www.facebook.com/ads/library/?active_status=active&ad_type=all&country=TH&search_type=page&q=OneEducationGroup,1,"Six months ago, Mohammed was just another grad student with a half-finished draft. Now he’s presenting his third published study at an international conference—fellow researchers stopping by his poster in awe. Want that same leap? 0:00 / 0:00 Get Published with Our Help Library ID: 2844738692561194 Started running on 6 Mar 2026 Platforms EU transparency ReelsGo Chill Time At Night En"
One Education Consulting,OneEducationGroup,https://www.facebook.com/OneEducationGroup,290,,ok,https://www.facebook.com/ads/library/?active_status=active&ad_type=all&country=TH&search_type=page&q=OneEducationGroup,2,साल 2026 के टॉप 10 ड्रामा 0:00 / 0:00 PLAY.GOOGLE.COM अब देखिए Install now Library ID: 4045688669078446 Started running on 27 Aug 2025 Platforms This ad is not active for some audiences because it did not meet certain requirements. EU transparency VideoExpress.ai
One Education Consulting,OneEducationGroup,https://www.facebook.com/OneEducationGroup,290,,ok,https://www.facebook.com/ads/library/?active_status=active&ad_type=all&country=TH&search_type=page&q=OneEducationGroup,3,"✨ No cameras, no crew: Turn your just your imagination to animated music videos, short films, and more. ✨ Featured Creation: This delightful children’s educational video was created using AI by our talented customer @Kael Sayne Meta Group Member. 👉 See All Features Here: https://videoexpress.ai/fbdeal/ Here’s what you can do with VideoExpress 2.0: 🔥 Text-to-Video Generator Type your thoughts and i"
One Education Consulting,OneEducationGroup,https://www.facebook.com/OneEducationGroup,290,,ok,https://www.facebook.com/ads/library/?active_status=active&ad_type=all&country=TH&search_type=page&q=OneEducationGroup,4,"Teaching is challenging—professional learning works best when educators grow together. Join ISTE+ASCD through a group digital membership and connect your school or organization to a global community of educators. Access trusted tools and meaningful learning experiences designed to help teams transform learning, all year long. ISTE-ASCD.ORG Learn, Connect, Lead The ISTE and ASCD merger brings toget"
One Education Consulting,OneEducationGroup,https://www.facebook.com/OneEducationGroup,290,,ok,https://www.facebook.com/ads/library/?active_status=active&ad_type=all&country=TH&search_type=page&q=OneEducationGroup,5,"A simple, short and impressive story of a young man who went through many events to reach a life of freedom. 0:00 / 0:00 Library ID: 25739147255747517 Started running on 2 Feb 2026 Platforms EU transparency ISTE"
One Education Consulting,OneEducationGroup,https://www.facebook.com/OneEducationGroup,290,,ok,https://www.facebook.com/ads/library/?active_status=active&ad_type=all&country=TH&search_type=page&q=OneEducationGroup,6,"Designed for educators and leaders worldwide, ISTE+ASCD group digital membership helps schools and organizations stay connected, informed, and inspired as part of a global community—wherever learning happens. ISTE-ASCD.ORG Global Access + Professional Growth The ISTE and ASCD merger brings together two powerful voices in education to design the future of learning. Library ID: 1550221386198817 Star"
One Education Consulting,OneEducationGroup,https://www.facebook.com/OneEducationGroup,290,,ok,https://www.facebook.com/ads/library/?active_status=active&ad_type=all&country=TH&search_type=page&q=OneEducationGroup,7,"Teaching is challenging—professional learning works best when educators grow together. Join ISTE+ASCD through a group digital membership and connect your school or organization to a global community of educators. Access trusted tools and meaningful learning experiences designed to help teams transform learning, all year long. ISTE-ASCD.ORG Learn, Connect, Lead The ISTE and ASCD merger brings toget"
One Education Consulting,OneEducationGroup,https://www.facebook.com/OneEducationGroup,290,,ok,https://www.facebook.com/ads/library/?active_status=active&ad_type=all&country=TH&search_type=page&q=OneEducationGroup,8,"Designed for educators and leaders worldwide, ISTE+ASCD group digital membership helps schools and organizations stay connected, informed, and inspired as part of a global community—wherever learning happens. ISTE-ASCD.ORG Global Access + Professional Growth The ISTE and ASCD merger brings together two powerful voices in education to design the future of learning. Library ID: 26488252590824950 Sta"
One Education Consulting,OneEducationGroup,https://www.facebook.com/OneEducationGroup,290,,ok,https://www.facebook.com/ads/library/?active_status=active&ad_type=all&country=TH&search_type=page&q=OneEducationGroup,9,पूरा ड्रामा ऐप में उपलब्ध है! कोई रजिस्ट्रेशन नहीं। कोई सब्सक्रिप्शन नहीं। बिल्कुल मुफ्त! 🎬📱 0:00 / 0:00 Library ID: 4367917273527568 Started running on 2 Feb 2026 Platforms EU transparency ISTE
One Education Consulting,OneEducationGroup,https://www.facebook.com/OneEducationGroup,290,,ok,https://www.facebook.com/ads/library/?active_status=active&ad_type=all&country=TH&search_type=page&q=OneEducationGroup,10,"Designed for educators and leaders worldwide, ISTE+ASCD group digital membership helps schools and organizations stay connected, informed, and inspired as part of a global community—wherever learning happens. ISTE-ASCD.ORG Global Access + Professional Growth The ISTE and ASCD merger brings together two powerful voices in education to design the future of learning. Library ID: 1397444238743052 Star"
One Education Consulting,OneEducationGroup,https://www.facebook.com/OneEducationGroup,290,,ok,https://www.facebook.com/ads/library/?active_status=active&ad_type=all&country=TH&search_type=page&q=OneEducationGroup,11,"Teaching is challenging—professional learning works best when educators grow together. Join ISTE+ASCD through a group digital membership and connect your school or organization to a global community of educators. Access trusted tools and meaningful learning experiences designed to help teams transform learning, all year long. ISTE-ASCD.ORG Learn, Connect, Lead The ISTE and ASCD merger brings toget"
One Education Consulting,OneEducationGroup,https://www.facebook.com/OneEducationGroup,290,,ok,https://www.facebook.com/ads/library/?active_status=active&ad_type=all&country=TH&search_type=page&q=OneEducationGroup,12,"Our 2-week online courses offer teenagers the chance to explore a subject in-depth, guided by top-tier tutors. 0:00 / 0:00 Library ID: 1279335616887938 Started running on 13 Apr 2026 Platforms 3 ads use this creative and text See summary details Snakepark"
One Education Consulting,OneEducationGroup,https://www.facebook.com/OneEducationGroup,290,,ok,https://www.facebook.com/ads/library/?active_status=active&ad_type=all&country=TH&search_type=page&q=OneEducationGroup,13,0:00 / 0:00 Library ID: 1469660984824753 Started running on 1 Apr 2026 Platforms EU transparency A2 Fun
One Education Consulting,OneEducationGroup,https://www.facebook.com/OneEducationGroup,290,,ok,https://www.facebook.com/ads/library/?active_status=active&ad_type=all&country=TH&search_type=page&q=OneEducationGroup,14,0:00 / 0:00 PLAY.GOOGLE.COM A2 Fun Install now Library ID: 966614345846858 Started running on 1 Apr 2026 Platforms 3 ads use this creative and text See summary details Makaringe
One Education Consulting,OneEducationGroup,https://www.facebook.com/OneEducationGroup,290,,ok,https://www.facebook.com/ads/library/?active_status=active&ad_type=all&country=TH&search_type=page&q=OneEducationGroup,15,0:00 / 0:00 Library ID: 1973123036881463 Started running on 2 Feb 2026 Platforms EU transparency ISTE
One Education Consulting,OneEducationGroup,https://www.facebook.com/OneEducationGroup,290,,ok,https://www.facebook.com/ads/library/?active_status=active&ad_type=all&country=TH&search_type=page&q=OneEducationGroup,16,"Teaching is challenging—professional learning works best when educators grow together. Join ISTE+ASCD through a group digital membership and connect your school or organization to a global community of educators. Access trusted tools and meaningful learning experiences designed to help teams transform learning, all year long. ISTE-ASCD.ORG Learn, Connect, Lead The ISTE and ASCD merger brings toget"
One Education Consulting,OneEducationGroup,https://www.facebook.com/OneEducationGroup,290,,ok,https://www.facebook.com/ads/library/?active_status=active&ad_type=all&country=TH&search_type=page&q=OneEducationGroup,17,0:00 / 0:00 Library ID: 1434240221325583 Started running on 2 Apr 2026 Platforms This ad is not active for some audiences because it did not meet certain requirements. EU transparency University of the People
One Education Consulting,OneEducationGroup,https://www.facebook.com/OneEducationGroup,290,,ok,https://www.facebook.com/ads/library/?active_status=active&ad_type=all&country=TH&search_type=page&q=OneEducationGroup,18,"We know how challenging it can be to find the money and time for school. That's why we made it our mission to open the gates to higher education by eliminating barriers with a tuition-free, flexible online university. 0:00 / 0:00 UOPEOPLE.EDU Online Tuition-Free American Degree Open the gates to higher education. Learn More Library ID: 1966996467523307 Started running on 12 Apr 2026 Platforms 4 ad"
One Education Consulting,OneEducationGroup,https://www.facebook.com/OneEducationGroup,290,,ok,https://www.facebook.com/ads/library/?active_status=active&ad_type=all&country=TH&search_type=page&q=OneEducationGroup,19,"จากเพื่อนร่วมชั้น…สู่คู่ชีวิต 💙 Aommy และ Puri (Class of 2019) กลับมาที่ Harrow Bangkok เพื่อถ่ายภาพพรีเวดดิ้ง ณ สถานที่ที่ทั้งคู่ได้พบกันครั้งแรกในฐานะนักเรียน เรื่องราวความรักของพวกเขาเริ่มต้นขึ้นที่นี่ และคงจะไม่มีที่ไหนเหมาะไปกว่าการบันทึกช่วงเวลาสำคัญของชีวิต บนพื้นที่ที่เต็มไปด้วยความทรงจำร่วมกัน Once Harrovians, always Harrovians. 0:00 / 0:00 Library ID: 1323018569887594 Started running on "
One Education Consulting,OneEducationGroup,https://www.facebook.com/OneEducationGroup,290,,ok,https://www.facebook.com/ads/library/?active_status=active&ad_type=all&country=TH&search_type=page&q=OneEducationGroup,20,"Crimson Education คือที่ปรึกษาที่อยู่เบื้องหลังความสำเร็จของนักเรียนกว่า 6,000+ คนทั่วโลก กับ Offer จากมหาวิทยาลัยชั้นนำกว่า 10,000 แห่ง! 🏆🌟 เพราะความสำเร็จในการเข้ามหาวิทยาลัยอย่าง Harvard, Stanford หรือ Oxford ไม่ได้ขึ้นอยู่กับโชคชะตา แต่ขึ้นอยู่กับการวางแผนที่รอบคอบ ที่ Crimson เราออกแบบโปรแกรม Admission Consulting ที่ช่วยเพิ่มโอกาสสำเร็จให้สูงขึ้นอย่างก้าวกระโดด 🚀 ทำไมต้องปรึกษาการวางแผนสมัคร "
One Education Consulting,OneEducationGroup,https://www.facebook.com/OneEducationGroup,290,,ok,https://www.facebook.com/ads/library/?active_status=active&ad_type=all&country=TH&search_type=page&q=OneEducationGroup,21,0:00 / 0:00 PLAY.GOOGLE.COM Click to watch free episodes Library ID: 1661878634843982 Started running on 7 Apr 2026 Platforms EU transparency Shortreels 1113-s
One Education Consulting,OneEducationGroup,https://www.facebook.com/OneEducationGroup,290,,ok,https://www.facebook.com/ads/library/?active_status=active&ad_type=all&country=TH&search_type=page&q=OneEducationGroup,22,0:00 / 0:00 PLAY.GOOGLE.COM Shortreels 1113-s Library ID: 900360069493987 Started running on 27 Feb 2026 Platforms 2 ads use this creative and text See summary details DramaBox - short drama7
One Education Consulting,OneEducationGroup,https://www.facebook.com/OneEducationGroup,290,,ok,https://www.facebook.com/ads/library/?active_status=active&ad_type=all&country=TH&search_type=page&q=OneEducationGroup,23,"After being cast aside by the woman he helped rise to power, Arthur Storm—secret CEO of the powerful Titan Group—is thrust back into the spotlight when a mysterious billionaire proposes marriage, shaking high society to its core. 0:00 / 0:00 Library ID: 821477020509731 Started running on 16 Apr 2026 Platforms EU transparency Aremy Toonkel"
One Education Consulting,OneEducationGroup,https://www.facebook.com/OneEducationGroup,290,,ok,https://www.facebook.com/ads/library/?active_status=active&ad_type=all&country=TH&search_type=page&q=OneEducationGroup,24,0:00 / 0:00 PLAY.GOOGLE.COM Aremy Toonkel Install now Library ID: 2108414863282999 Started running on 1 Apr 2026 Platforms 2 ads use this creative and text See summary details Fun-hot
One Education Consulting,OneEducationGroup,https://www.facebook.com/OneEducationGroup,290,,ok,https://www.facebook.com/ads/library/?active_status=active&ad_type=all&country=TH&search_type=page&q=OneEducationGroup,25,0:00 / 0:00 Library ID: 929864193242830 Started running on 1 Apr 2026 Platforms 2 ads use this creative and text See summary details Makaringe
SOL Edu,SOLEdu.Eng,https://www.facebook.com/SOLEdu.Eng,0,,no_results,https://www.facebook.com/ads/library/?active_status=active&ad_type=all&country=TH&search_type=page&q=SOLEdu.Eng,0,
Chulalongkorn University (Faculty of Psychology),ChulalongkornUniversity,https://www.facebook.com/ChulalongkornUniversity,140,ACU; ECU,ok,https://www.facebook.com/ads/library/?active_status=active&ad_type=all&country=TH&search_type=page&q=ChulalongkornUniversity,1,ทีมเดิน-ทีมวิ่ง หรือจะทีมเดินกับเพื่อนสี่ขา เตรียมตัวให้พร้อม ปักหมุดวันให้ดี แล้วมาสร้างความทรงจำดี ๆ ร่วมกันอย่างยิ่งใหญ่ และอบอุ่นมากยิ่งขึ้น SKECHERS FRIENDSHIP WALK & RUN 2026 👟✨ วันอาทิตย์ที่ 31 พฤษภาคม 2569 ------------------ PACK PRICE 📣 Early Bird : 450 บาท ( 9-31 มีนาคม 2569 ) 📢 Regular : 550 บาท ( 1 เมษายน - 8 พฤษภาคม 2569 ) ------------------ 📢 Special Package : ( 19-31 มีนาคม 2569 ) ซ
Chulalongkorn University (Faculty of Psychology),ChulalongkornUniversity,https://www.facebook.com/ChulalongkornUniversity,140,ACU; ECU,ok,https://www.facebook.com/ads/library/?active_status=active&ad_type=all&country=TH&search_type=page&q=ChulalongkornUniversity,2,💥 เริ่มต้นเพียง 180 บาท/คาบ ลูกก็ได้เรียน ตัวต่อตัว 100% กับครูมหาลัย แบบ online 💥 - เรียนสัปดาห์ละ 2 คาบ แบบตัวต่อตัว 100% กับครูมหาลัย (25น-45น./คาบ) - เลือกคุณครูตามที่ชอบได้ - จัดเวลาเรียนเองได้ ตั้งแต่ 8.00-21.30 (จันทร์ถึงอาทิตย์) ตามเวลาของน้องแต่ละคน - รับรองผลเรียน 100% คืนเงินหากไม่ได้ผล 💥 ลูกจะได้อะไรบ้าง - ทำลายกำแพงความกลัวและมีกำลังใจเรียนภาษาอังกฤษ - เพิ่มความกล้าในการพูด - ชินกับสำ
Chulalongkorn University (Faculty of Psychology),ChulalongkornUniversity,https://www.facebook.com/ChulalongkornUniversity,140,ACU; ECU,ok,https://www.facebook.com/ads/library/?active_status=active&ad_type=all&country=TH&search_type=page&q=ChulalongkornUniversity,3,💥 เริ่มต้นเพียง 180 บาท/คาบ ลูกก็ได้เรียน ตัวต่อตัว 100% กับครูมหาลัย แบบ online 💥 - เรียนสัปดาห์ละ 2 คาบ แบบตัวต่อตัว 100% กับครูมหาลัย (25น-45น./คาบ) - เลือกคุณครูตามที่ชอบได้ - จัดเวลาเรียนเองได้ ตั้งแต่ 8.00-21.30 (จันทร์ถึงอาทิตย์) ตามเวลาของน้องแต่ละคน - รับรองผลเรียน 100% คืนเงินหากไม่ได้ผล 💥 ลูกจะได้อะไรบ้าง - ทำลายกำแพงความกลัวและมีกำลังใจเรียนภาษาอังกฤษ - เพิ่มความกล้าในการพูด - ชินกับสำ
Chulalongkorn University (Faculty of Psychology),ChulalongkornUniversity,https://www.facebook.com/ChulalongkornUniversity,140,ACU; ECU,ok,https://www.facebook.com/ads/library/?active_status=active&ad_type=all&country=TH&search_type=page&q=ChulalongkornUniversity,4,#CoolblockKnowledge อิฐคูลบล็อกผ่านการทดสอบตามมาตรฐานอังกฤษ BS 476 สิ่งสำคัญคู่กันของผลิตภัณฑ์ก่อสร้างคือ คุณภาพที่ดีควรเกิดขึ้นภายใต้มาตรฐานที่ได้รับการยอมรับในระดับสากล COOL BLOCK เป็นอีกหนึ่งผลิตภัณฑ์ที่ผ่านการทดสอบโดยมาตรฐาน BS 476 มาตรฐาน BS 476 เป็นมาตรฐานสำหรับทดสอบวัสดุก่อสร้างหรือโครงสร้างภายใต้สภาวะที่อุณหภูมิสูงและมีความดัน ทั้งนี้เพื่อต้องการศึกษาดูพฤติกรรมความสามารถในการทนไฟของวัสดุคร
Chulalongkorn University (Faculty of Psychology),ChulalongkornUniversity,https://www.facebook.com/ChulalongkornUniversity,140,ACU; ECU,ok,https://www.facebook.com/ads/library/?active_status=active&ad_type=all&country=TH&search_type=page&q=ChulalongkornUniversity,5,🏆รวมทำเนียบคะแนน 𝐈𝐄𝐋𝐓𝐒 เด็กสาธิตมหิดล อินเตอร์! สอบได้ 𝐈𝐄𝐋𝐓𝐒 𝟖.𝟎 ยกแก๊งค์! อยากได้คะแนนปังๆ แบบรุ่นพี่ 𝐌𝐔𝐈𝐃𝐒 ต้องเรียน 𝐈𝐄𝐋𝐓𝐒 ที่ 𝐖𝐞𝐬𝐭𝐦𝐢𝐧𝐬𝐭𝐞𝐫 เท่านั้น! ✨ 💜เพราะ 𝐖𝐞𝐬𝐭𝐦𝐢𝐧𝐬𝐭𝐞𝐫 ไม่ใช่แค่สถาบันสอน 𝐈𝐄𝐋𝐓𝐒 แต่คือพื้นที่ที่พร้อม 𝐒𝐮𝐩𝐩𝐨𝐫𝐭 นักเรียนของเรา...ตลอดไป💜 รายละเอียดคอร์สเรียน👉 https://westminster.co.th/ielts-preparation-course/ 💜 ทำไม Westminster ถึงสร้างผลลัพธ์และความสำเร็จตลอด 14 ปี 💜 📙เรียน IELTS ท
Chulalongkorn University (Faculty of Psychology),ChulalongkornUniversity,https://www.facebook.com/ChulalongkornUniversity,140,ACU; ECU,ok,https://www.facebook.com/ads/library/?active_status=active&ad_type=all&country=TH&search_type=page&q=ChulalongkornUniversity,6,💥 เริ่มต้นเพียง 180 บาท/คาบ ลูกก็ได้เรียน ตัวต่อตัว 100% กับครูมหาลัย แบบ online 💥 - เรียนสัปดาห์ละ 2 คาบ แบบตัวต่อตัว 100% กับครูมหาลัย (25น-45น./คาบ) - เลือกคุณครูตามที่ชอบได้ - จัดเวลาเรียนเองได้ ตั้งแต่ 8.00-21.30 (จันทร์ถึงอาทิตย์) ตามเวลาของน้องแต่ละคน - รับรองผลเรียน 100% คืนเงินหากไม่ได้ผล 💥 ลูกจะได้อะไรบ้าง - ทำลายกำแพงความกลัวและมีกำลังใจเรียนภาษาอังกฤษ - เพิ่มความกล้าในการพูด - ชินกับสำ
Chulalongkorn University (Faculty of Psychology),ChulalongkornUniversity,https://www.facebook.com/ChulalongkornUniversity,140,ACU; ECU,ok,https://www.facebook.com/ads/library/?active_status=active&ad_type=all&country=TH&search_type=page&q=ChulalongkornUniversity,7,สอบ IELTS กับ British Council พร้อมสิทธิพิเศษเตรียมสอบครบในที่เดียว Library ID: 1006804875343767 Started running on 16 Apr 2026 Platforms NEXUS - Network for Executive Xceleration & Unbounded Scale
Chulalongkorn University (Faculty of Psychology),ChulalongkornUniversity,https://www.facebook.com/ChulalongkornUniversity,140,ACU; ECU,ok,https://www.facebook.com/ads/library/?active_status=active&ad_type=all&country=TH&search_type=page&q=ChulalongkornUniversity,8,"🚀 10 ที่นั่งสุดท้าย! หลักสูตร NEXUS AI รุ่นที่ 2 หลักสูตรผู้บริหารระดับสูงด้าน AI โดยจุฬาฯ และ Degree Plus ร่วมกับ 8 พันธมิตรเทคฯ ชั้นนำระดับโลก Alibaba Cloud Thailand, Amazon Web Services Thailand, ETDA Thailand, Google Cloud Thailand, Huawei Thailand, Microsoft Thailand, NECTEC NSTDA และ Tencent Cloud Program Highlights ✅ AI Thinking for Leaders เปิดมุมมองด้าน AI ให้คิดเชิงกลยุทธ์ โดยคณาจารย์จุฬ"
Chulalongkorn University (Faculty of Psychology),ChulalongkornUniversity,https://www.facebook.com/ChulalongkornUniversity,140,ACU; ECU,ok,https://www.facebook.com/ads/library/?active_status=active&ad_type=all&country=TH&search_type=page&q=ChulalongkornUniversity,9,HATO Animal Hospital และ HATO Pet Wellness พร้อมดูแลรักษาสัตว์เลี้ยงครบวงจร พร้อมคลินิกเฉพาะทางโดยทีมสัตวแพทย์ผู้เชี่ยวชาญ 🩺คลินิกเฉพาะทางที่เปิดให้บริการ: - คลินิกโรคผิวหนัง - คลินิกโรคหัวใจ - คลินิกโรคกระดูกและข้อ - คลินิกพฤติกรรม - คลินิก Exotic - คลินิกโรคตา - คลินิกอัลตราซาวด์ - คลินิกศัลยกรรม - คลินิกโภชนาการ ใส่ใจทุกขั้นตอน ตั้งแต่การตรวจ วินิจฉัย จนถึงการรักษา โดยทีมสัตวแพทย์ผู้เชี่ยวชาญ เ
Chulalongkorn University (Faculty of Psychology),ChulalongkornUniversity,https://www.facebook.com/ChulalongkornUniversity,140,ACU; ECU,ok,https://www.facebook.com/ads/library/?active_status=active&ad_type=all&country=TH&search_type=page&q=ChulalongkornUniversity,10,"มีเวลาติว #CUTEP 1 เดือน ก็พิชิตคะแนนที่ต้องการได้ วงการติวสอบ CUTEP ครูพลอยรู้ดีที่สุด ✅ 🎯 เนื้อหาใหม่ล่าสุด 🎯 รับรองผล 80 คะแนน 🎯 แถมฟรี คอร์ส Grammar มูลค่า 1,900 บาท 🎯 ทีมงานวิชาการ ดูแลตลอดการเรียน 📝 กลุ่ม LINE ติวเสริมแบบ Exclusive ---- 📚 คอร์สเรียนออกแบบเนื้อหาโดยผู้เชี่ยวชาญ 📚 รับรองผลคะแนน คะแนนไม่ถึงเรียนต่อฟรี 📚 ปูพื้นฐาน + เสริมคำศัพท์ + ตะลุยโจทย์ ______ ครบ จบ พร้อมสอบทันที_________ "
Chulalongkorn University (Faculty of Psychology),ChulalongkornUniversity,https://www.facebook.com/ChulalongkornUniversity,140,ACU; ECU,ok,https://www.facebook.com/ads/library/?active_status=active&ad_type=all&country=TH&search_type=page&q=ChulalongkornUniversity,11,🌟ทำเนียบคะแนน 𝐈𝐄𝐋𝐓𝐒 เด็กเตรียมอุดมฯ 💜 “𝐓𝐫𝐢𝐚𝐦 𝐔𝐝𝐨𝐦 𝐈𝐄𝐋𝐓𝐒 𝐇𝐚𝐥𝐥 𝐨𝐟 𝐅𝐚𝐦𝐞” ที่ 𝐖𝐞𝐬𝐭𝐦𝐢𝐧𝐬𝐭𝐞𝐫🏆 สอบได้ 𝐈𝐄𝐋𝐓𝐒 𝟕.𝟓 - 𝐈𝐄𝐋𝐓𝐒 𝟖.𝟓🤏🏻 ติดคณะและมหาวิทยาลัยในฝัน! 🎯 เรียน 𝐈𝐄𝐋𝐓𝐒 ที่ 𝐖𝐞𝐬𝐭𝐦𝐢𝐧𝐬𝐭𝐞𝐫 → ได้เทคนิคจัดเต็มถูกจุด ครบทุกพาร์ท 💜เพราะ 𝐖𝐞𝐬𝐭𝐦𝐢𝐧𝐬𝐭𝐞𝐫 ไม่ใช่แค่สถาบันสอน 𝐈𝐄𝐋𝐓𝐒 แต่คือพื้นที่ที่พร้อม 𝐒𝐮𝐩𝐩𝐨𝐫𝐭 นักเรียนของเรา...ตลอดไป💜 รายละเอียดคอร์สเรียน👉 https://westminster.co.th/ielts-preparation-course/ 💜 ทำไม Westmins
Chulalongkorn University (Faculty of Psychology),ChulalongkornUniversity,https://www.facebook.com/ChulalongkornUniversity,140,ACU; ECU,ok,https://www.facebook.com/ads/library/?active_status=active&ad_type=all&country=TH&search_type=page&q=ChulalongkornUniversity,12,⏰ ราคา REGULAR 550 บาท แต่ยังคุ้มอยู่ รีบสมัครเลย! 🏃‍♂️✨ ใครยังไม่สมัครงาน SKECHERS FRIENDSHIP WALK & RUN 2026 บอกเลย…แม้จะเป็นราคา REGULAR แล้ว แต่ความคุ้มยังจัดเต็มเหมือนเดิม! 🔥 ทั้งบรรยากาศ กิจกรรม และของที่ได้ บอกเลยว่าคุ้มทุกก้าวแน่นอน 👉 สมัครเลยตอนนี้: HTTPS://RACE.THAI.RUN/SKECHERS-FRIENDSHIP-WALK-2026 📅 สมัครได้ถึงวันที่ 8 พฤษภาคมนี้เท่านั้น! 📍 สนามกีฬาจุฬาลงกรณ์มหาวิทยาลัย 📅 31 พฤษภาคม 25
Chulalongkorn University (Faculty of Psychology),ChulalongkornUniversity,https://www.facebook.com/ChulalongkornUniversity,140,ACU; ECU,ok,https://www.facebook.com/ads/library/?active_status=active&ad_type=all&country=TH&search_type=page&q=ChulalongkornUniversity,13,CU-TEP 88 คะแนน  🥳 ติวกับครูพลอย 📣 ประสบการณ์ติวสอบ CU-TEP มากกว่า 10 ปี ------ แสดงความยินดีกับน้องข้าวปั้นด้วยนะคะ 🥰 น้อง ๆ ที่มีแพลนเตรียมสอบ CU-TEP ทักมาปรึกษาพี่แอดมินได้เลยนะคะ #cutepberante #cutepครูพลอย #ติวcutep #สอบcutep #Berante #คอร์สcutep KruPloy Berante IELTS / CUTEP / TOEFL / TUGET / TOEIC รับรองผล Education website Library ID: 1381206823505839 Started running on 16 Dec 2025 Platfor
Chulalongkorn University (Faculty of Psychology),ChulalongkornUniversity,https://www.facebook.com/ChulalongkornUniversity,140,ACU; ECU,ok,https://www.facebook.com/ads/library/?active_status=active&ad_type=all&country=TH&search_type=page&q=ChulalongkornUniversity,14,ไม่ว่าคุณจะเพิ่งเริ่มเล่นกีตาร์หรืออยากเล่นเก่ง เพื่อใช้สอบและเล่นเป็นอาชีพ! 🎸 ขอแนะนำครู KJ (นางสาวกาญจนา แก้วใจ) - สอนกีตาร์คลาสสิกมากประสบการณ์ 🎶และนักกีตาร์มืออาชีพที่มีประสบการณ์ทั้ง ด้านการแสดงและการสอนมากกว่า 10 ปี สำเร็จการศึกษาระดับปริญญาตรีจากคณะศิลปกรรมศาสตร์ จุฬาลงกรณ์มหาวิทยาลัย (เกียรตินิยมอันดับหนึ่ง) 🥇 กำลังศึกษาต่อในระดับปริญญาโทสาขาการแสดงกีตาร์คลาสสิกและศิลปะที่ มหาวิทยาลัย Cons
Chulalongkorn University (Faculty of Psychology),ChulalongkornUniversity,https://www.facebook.com/ChulalongkornUniversity,140,ACU; ECU,ok,https://www.facebook.com/ads/library/?active_status=active&ad_type=all&country=TH&search_type=page&q=ChulalongkornUniversity,15,🎉🎉🎉สำหรับน้องๆที่กำหนดการออกแล้ว เปิดจองคิว🎉🎉🎉 น้องๆที่กำลังหาช่างภาพสอบถามได้นะครับ ถ่ายสนุกเป็นกันเอง ส่งงานไว ช่วยหามุมให้ สอนโพสท่า ชอบโทนภาพนี้ และของแถมให้ด้วย🩷🩷🩷 ⬇️สอบถามรายละเอียดได้ที่⬇️ ✅Facebook : https://www.facebook.com/aekkawutphoto.rattawan ✅Facebook Page : AEKKAWUT.photo ช่างภาพ ✅Line : https://line.me/ti/p/dd0vv4IA1f ✅Tel : 086-3594992(เอก) ✅IG : aekkawut_photo #graduateth #congra
Chulalongkorn University (Faculty of Psychology),ChulalongkornUniversity,https://www.facebook.com/ChulalongkornUniversity,140,ACU; ECU,ok,https://www.facebook.com/ads/library/?active_status=active&ad_type=all&country=TH&search_type=page&q=ChulalongkornUniversity,16,โอกาสสำหรับผู้ที่พลาดในรุ่นที่เเล้ว 🔥เปิดรับสมัครแล้ววันนี้! PEM รุ่นที่ 4🔥 “Psychology for Effective Management” 📚 หลักสูตรจิตวิทยาเพื่อการบริหารจัดการความคิดอย่างมีระบบ เสริมสร้างทักษะจิตวิทยาเพื่อการบริหารสำหรับผู้นำองค์กร 💡เป็นอีกครั้งที่ MindfulLeadsership ร่วมคิดค้นหลักสูตรกับ Psychology CU คณะจิตวิทยา จุฬาลงกรณ์มหาวิทยาลัย ที่จะมาเพิ่มความสนุกและความเข้มข้นของหลักสูตรกว่ารุ่นที่ผ่านมา 🎤พบกั
Chulalongkorn University (Faculty of Psychology),ChulalongkornUniversity,https://www.facebook.com/ChulalongkornUniversity,140,ACU; ECU,ok,https://www.facebook.com/ads/library/?active_status=active&ad_type=all&country=TH&search_type=page&q=ChulalongkornUniversity,17,"🎓 MAAE Admission | Academic Year 2026 🎓 The Master of Arts in Applied Economics (MAAE) program, Faculty of Economics, Chulalongkorn University, will open for applications for Academic Year 2026 soon! The MAAE program equips students with strong analytical skills and practical economic tools, preparing graduates for careers in policy analysis, business, research, and further academic study in an in"
Chulalongkorn University (Faculty of Psychology),ChulalongkornUniversity,https://www.facebook.com/ChulalongkornUniversity,140,ACU; ECU,ok,https://www.facebook.com/ads/library/?active_status=active&ad_type=all&country=TH&search_type=page&q=ChulalongkornUniversity,18,SKIN1004 x YPS Pilates Club ฟิตหุ่นให้ปัง พร้อมกู้ผิวให้สตรอง! ✨ ครั้งแรกกับการคอลแลปสุดพิเศษที่จะชวนทุกคนมาอัปเกรดความเฮลตี้แบบคูณสอง ทั้ง Body & Skin ในงานเดียว! 🧘‍♀️🧴 นอกจากจะได้มาขยับร่างกายด้วยกันแล้ว ในงานยังมีกิจกรรมสนุกๆ และของรางวัลสุด Exclusive รออยู่อีกเพียบ! 🎁 👉 กติกาการเข้าร่วมง่ายๆ 10 คนเเรกที่ช้อปสินค้า SKIN1004 ครบ 790 บาท (ต่อ 1 ใบเสร็จ) จึงมีสิทธิ์ลงทะเบียนเข้าร่วมกิจกรรม ลงทะเบี
Chulalongkorn University (Faculty of Psychology),ChulalongkornUniversity,https://www.facebook.com/ChulalongkornUniversity,140,ACU; ECU,ok,https://www.facebook.com/ads/library/?active_status=active&ad_type=all&country=TH&search_type=page&q=ChulalongkornUniversity,19,ထိုင်းဘာသာအခြေခံအပါတ်စဉ်(65)ညနေပိုင်း(4.30-6.30)နာရီသင်တန်းหลักสูตรภาษาไทยขั้นพื้นฐาน รุ่นที่ (65) 🇹🇭🇹🇭🇹🇭🇹🇭🇹🇭🇹🇭🇹🇭🇹🇭🇹🇭 ✅စတင်ဖွင့်လှစ်မည့်ရက် 7.5.2026 (ကြာသပတေးနေ့) วันที่เปิดเรียน วันที่ 7 พฤษภาคม 2569 ✅အချိန်👉 ညနေ 4.30 နာရီ မှ ညနေ 6.30 နာရီ (တစ်ရက်လျင် 2 နာရီ) เวลา 16.30น ถึง 18.30น (วันละ 2 ชั่วโมง) ✅သင်တန်းတက်ရက် - တနင်္လာ - စနေ (တစ်ပါတ်လျင် 6 ရက်) วันเวลาการเรียน - วันจันทร์ ถึง วันเสาร์ (สัปดา
Chulalongkorn University (Faculty of Psychology),ChulalongkornUniversity,https://www.facebook.com/ChulalongkornUniversity,140,ACU; ECU,ok,https://www.facebook.com/ads/library/?active_status=active&ad_type=all&country=TH&search_type=page&q=ChulalongkornUniversity,20,"จัดฟันใส invisalign 59,000 Net!!! จากปกติ 99,000 บาท 💎 ฟรี! จำนวนชิ้นงานไม่เกิน 20 คู่/รอบ แถมฟรี อีก 1 รอบ ไม่เกิน 20 คู่ 💎 ฟรี! ปรึกษากับคุณหมอเฉพาะทางจัดฟัน 💎 ฟรี! X-Ray 💎 ฟรี! สแกนฟันด้วยเครื่อง Scan itero 5D 2 รอบ 💎 ฟรี! ติดปุ่ม และ ตะไบฟัน 💎 ฟรี! รีเทนเนอร์ใส 1 คู่ ☎️ จองนัด ปรึกษากับคุณหมอ Inbox หรือ โทร 09-4446-6623 *แนะนำนัดหมายล่วงหน้าก่อนเข้าใช้บริการ ------------------------- 🦷 Dr.Ming"
Chulalongkorn University (Faculty of Psychology),ChulalongkornUniversity,https://www.facebook.com/ChulalongkornUniversity,140,ACU; ECU,ok,https://www.facebook.com/ads/library/?active_status=active&ad_type=all&country=TH&search_type=page&q=ChulalongkornUniversity,21,📍📍👩🏼‍🏫👩🏼‍🏫📢🔈 บ้านครูนก สอนภาษา ขอแสดงความยินดีกับ น้องไอริน รร.ระยองวิทยาคม ม.5 ค่ะ🎉🎊🎊🎁🎉🎀 น้องลงเรียนติวคอร์สสอบ IELTS  Academic กับครูนกเป็นระยะเวลา เกือบ 1 ปี ผลคะแนนสอบของน้องค่อนข้างสูงมากๆเลยค่ะในทุกๆ part รวมถึงคะแนน Cu Tep 82/120 ตั้งแต่การสอบในครั้งแรกของน้องด้วยค่ะ🥳🥳 #ขอแสดงความยินดีอย่างยิ่งกับน้องไอรินค่ะ🎉🎁 #ด้วยความตั้งใจ พยายามอย่างต่อเนื่องของน้องตลอดเวลาที่เรียนกับครูนกส่งผลให้น้องป
Chulalongkorn University (Faculty of Psychology),ChulalongkornUniversity,https://www.facebook.com/ChulalongkornUniversity,140,ACU; ECU,ok,https://www.facebook.com/ads/library/?active_status=active&ad_type=all&country=TH&search_type=page&q=ChulalongkornUniversity,22,ทดลองเรียนฟรี (รับจำนวนจำกัดต่อคลาส) สมัครเรียน 3 เดือน รับฟรี ชุดฝึกเทควันโด ควบคุมการสอนโดยอดีตนักกีฬาเทควันโดทีมชาติไทย ครูดิส – พีรพัฒน์ เกียรติกมลวงศ์ ครูแจม – ณชพล เฉลิมลักษณ์ ✔️ สิ่งอำนวยความสะดวก - ห้องฝึกติดแอร์ เย็นสบาย ทั้งในส่วนห้องซ้อมและห้องผู้ปกครอง - มีเครื่องฟอกอากาศ 2 ตัว กระจายในยิม - ห้องน้ำแยก 2 ห้อง สำหรับนักเรียน และผู้ปกครอง - โซนรับรองผู้ปกครอง ติดแอร์ ไม่กั้นห้อง - มีเครื
Chulalongkorn University (Faculty of Psychology),ChulalongkornUniversity,https://www.facebook.com/ChulalongkornUniversity,140,ACU; ECU,ok,https://www.facebook.com/ads/library/?active_status=active&ad_type=all&country=TH&search_type=page&q=ChulalongkornUniversity,23,"พบกับครูเอมมี่ – ภัทราภา ภูมิภักดิ์ นักร้อง นักแสดง มากความสามารถ และครูสอนร้องเพลงที่ Peterson Piano Institute รับสอนตั้งแต่ระดับเริ่มต้น - ขั้นสูง จบการศึกษาด้านการขับร้องโดยตรงจากคณะศิลปกรรมศาสตร์ จุฬาลงกรณ์มหาวิทยาลัย พร้อมดีกรีรางวัลชนะเลิศ Masterkey Singing Competition 2562 ด้วยความเชี่ยวชาญทั้งในแนว ป๊อป, แจ๊ส และ โอเปร่า ครูเอมมี่เคยร่วมแสดงกับ Royal Bangkok Symphony Orchestra และบนเวทีระด"
Chulalongkorn University (Faculty of Psychology),ChulalongkornUniversity,https://www.facebook.com/ChulalongkornUniversity,140,ACU; ECU,ok,https://www.facebook.com/ads/library/?active_status=active&ad_type=all&country=TH&search_type=page&q=ChulalongkornUniversity,24,"Thoughtfully Designed เพื่อทุกมิติของการเรียนรู้ โมเดอร์นฟอร์มถ่ายทอดประสบการณ์การออกแบบ Education Space ที่ครอบคลุมทุกฟังก์ชันการใช้งาน ตั้งแต่ Learning Space ห้องเรียนยุคใหม่ที่รองรับการเรียนรู้แบบยืดหยุ่น Auditorium พื้นที่ขนาดใหญ่สำหรับการบรรยายและกิจกรรม Library & Learning Center แหล่งค้นคว้าและพื้นที่สร้างสมาธิ Workshop Space พื้นที่แห่งการสร้างสรรค์และลงมือปฏิบัติจริง รวมถึง Seminar Room, M"
Chulalongkorn University (Faculty of Political Science),polscichulaofficial,https://www.facebook.com/polscichulaofficial,0,,no_results,https://www.facebook.com/ads/library/?active_status=active&ad_type=all&country=TH&search_type=page&q=polscichulaofficial,0,
Adventus Education,adventus.io,https://www.facebook.com/adventus.io,0,,no_results,https://www.facebook.com/ads/library/?active_status=active&ad_type=all&country=TH&search_type=page&q=adventus.io,0,
Complete Education and Touring Australia Co,cetaworldwideeducation,https://www.facebook.com/cetaworldwideeducation,0,,no_results,https://www.facebook.com/ads/library/?active_status=active&ad_type=all&country=TH&search_type=page&q=cetaworldwideeducation,0,
Eduyoung.Com - Thailand,EduyoungThailand,https://www.facebook.com/EduyoungThailand,8,JCU,ok,https://www.facebook.com/ads/library/?active_status=active&ad_type=all&country=TH&search_type=page&q=EduyoungThailand,1,เตรียมตัว เปิดวาร์ปไป #เรียนออสเตรเลีย  🇦🇺 ปี 2026! เริ่มต้นการเรียนภาษาอังกฤษกับสถาบันคุณภาพอย่าง 𝐆𝐫𝐞𝐞𝐧𝐰𝐢𝐜𝐡 𝐂𝐨𝐥𝐥𝐞𝐠𝐞 ที่มีแคมปัสใน 6 เมืองยอดฮิตทั่วออสเตรเลีย! 📍ทั้ง เมลเบิร์น • ซิดนีย์ • บริสเบน • โกลด์โคสต์ • เพิร์ธ • แอดิเลด ✨ อัปสกิลภาษาในบรรยากาศสุดอินเตอร์ เจอเพื่อนใหม่จากทั่วโลก! ✨ ใช้ชีวิตต่างประเทศ เก็บเกี่ยวประสบการณ์ที่มากกว่าการเรียนในห้อง ✨ พร้อมโอกาสทำงาน Part-time สูงสุด 48 ชม./ 2 ส
Eduyoung.Com - Thailand,EduyoungThailand,https://www.facebook.com/EduyoungThailand,8,JCU,ok,https://www.facebook.com/ads/library/?active_status=active&ad_type=all&country=TH&search_type=page&q=EduyoungThailand,2,ออสเตรเลีย ไปยาก #แต่ไปได้แน่ ถ้าปรึกษาวางแผนอย่างดีกับผู้เชี่ยวชาญ เรียน I เที่ยว I ทำงาน คุณภาพชีวิตดี วุฒิการศึกษาที่ออสเตรเลีย ใช้ได้ทั่วโลก #ปรึกษาฟรี 📲 ปรึกษาเพิ่มเติมได้ที่ 📍 LINE : @eduyoungthailand 📍 Inbox : m.me/EduyoungThailand 📍 Tel. : 02-026-0147 (จ.-ศ. 9.00 - 18.00 น.) 0:00 / 0:51 EduYoung Thailand Education Service Library ID: 1853126208719171 Started running on 8 Apr 2026 Platforms
Eduyoung.Com - Thailand,EduyoungThailand,https://www.facebook.com/EduyoungThailand,8,JCU,ok,https://www.facebook.com/ads/library/?active_status=active&ad_type=all&country=TH&search_type=page&q=EduyoungThailand,3,"เรียนต่อออสฯ 🇦🇺 #ซิดนีย์ ปี 2026 รับทุน สูงสุด 3 ปี! 𝐖𝐞𝐬𝐭𝐞𝐫𝐧 𝐒𝐲𝐝𝐧𝐞𝐲 𝐔𝐧𝐢𝐯𝐞𝐫𝐬𝐢𝐭𝐲 (WSU) ลดค่าเรียน 5,000 – 10,000 AUD/ปี ไม่ต้องสมัครทุนแยก 💡 สมัครเรียนแล้วระบบพิจารณาให้ อัตโนมัติ! 🎓ทุนสนับสนุนค่าเล่าเรียน $𝟱,𝟬𝟬𝟬 (ประมาณ 110,000 บาท/ปี) • วุฒิม.ปลาย ATAR ขั้นต่ำ 65 หรือเทียบเท่า • วุฒิป.ตรี GPA ขั้นต่ำ 2.40 หรือ WAM 60% 🎓ทุนสนับสนุนค่าเล่าเรียน $𝟏𝟎,𝟎𝟎𝟎 (ประมาณ 220,000 บาท/ปี) • วุฒิม.ปลาย ATAR ขั้นต"
Eduyoung.Com - Thailand,EduyoungThailand,https://www.facebook.com/EduyoungThailand,8,JCU,ok,https://www.facebook.com/ads/library/?active_status=active&ad_type=all&country=TH&search_type=page&q=EduyoungThailand,4,อยาก เรียนต่อมหาวิทยาลัย #ออสเตรเลีย 🇦🇺 ที่ให้ทั้ง คุณภาพการเรียนระดับโลก + โอกาสต่อยอดหลังเรียนจบ! พามารู้จักกับ 𝗝𝗮𝗺𝗲𝘀 𝗖𝗼𝗼𝗸 𝗨𝗻𝗶𝘃𝗲𝗿𝘀𝗶𝘁𝘆 (𝗝𝗖𝗨) มหาวิทยาลัยรัฐบาลคุณภาพของออสเตรเลีย 🎓 #ทุนการศึกษา 𝗝𝗖𝗨 𝗜𝗻𝘁𝗲𝗿𝗻𝗮𝘁𝗶𝗼𝗻𝗮𝗹 𝗘𝘅𝗰𝗲𝗹𝗹𝗲𝗻𝗰𝗲 #Scholarship ส่วนลดค่าเล่าเรียน สูงสุด 25%#เรียนออสเตรเลีย JCU ถูกจัดอันดับ #28 ของประเทศ (QS World University Rankings 2025) และโดดเด่นระดับโลกในสาขา 🌊 Marine and Freshwater Bi
Eduyoung.Com - Thailand,EduyoungThailand,https://www.facebook.com/EduyoungThailand,8,JCU,ok,https://www.facebook.com/ads/library/?active_status=active&ad_type=all&country=TH&search_type=page&q=EduyoungThailand,5,"✈️🇦🇺 เปิดประสบการณ์เรียน–เที่ยวที่ Australia ในเวลาแค่ 1–3 เดือน! 📚 เรียนภาษาอังกฤษหลักสูตรระยะสั้น 🌍 เที่ยว เปิดโลกกว้าง ใช้ชีวิตต่างแดน 🛂 เดินทางด้วยวีซ่าท่องเที่ยว สมัครง่าย (ไม่สามารถทำงาน Part-time ได้) 👩‍🎓 เหมาะสำหรับ ✅ นักเรียน นักศึกษาที่ปิดเทอม หรือเพิ่งเรียนจบ ✅ กำลังย้ายงาน แล้วมีช่วงว่าง ✅ ไม่อยากไปนาน แต่อยากได้ประสบการณ์อินเตอร์ 💰 เริ่มต้นเพียง 35,200 บาท เท่านั้น! ✨ ได้ทั้งภาษา + ปร"
Eduyoung.Com - Thailand,EduyoungThailand,https://www.facebook.com/EduyoungThailand,8,JCU,ok,https://www.facebook.com/ads/library/?active_status=active&ad_type=all&country=TH&search_type=page&q=EduyoungThailand,6,"🔥 เรียนภาษาอย่าง เข้ม ราคาสุด คุ้ม ที่ออสเตรเลีย 🇦🇺 กับโปรโมชันพิเศษครึ่งปีแรกจาก 𝗜𝗺𝗽𝗮𝗰𝘁 𝗘𝗻𝗴𝗹𝗶𝘀𝗵 𝗖𝗼𝗹𝗹𝗲𝗴𝗲 💰 จ่ายเพียง $𝟐𝟖𝟎 / สัปดาห์ (จากปกติ $𝟒𝟏𝟎) ราคานี้เลือกเรียนได้ทุกหลักสูตร ที่ Impact มีทั้ง General English, Extreme English, IELTS, Business English, Barista English เป็นต้น 📍ราคาเดียว เลือกได้ 2 เมืองสุดคูลทั้ง #เมลเบิร์น และ #บริสเบน 🌍โรงเรียนภาษาที่คนไทยไม่เยอะ เข้มด้วยกฎ English Only บังคั"
WIN Education,WINed.thailand,https://www.facebook.com/WINed.thailand,0,,no_results,https://www.facebook.com/ads/library/?active_status=active&ad_type=all&country=TH&search_type=page&q=WINed.thailand,0,
The Best Language and Education Centre Company,TheBestEducationCentre,https://www.facebook.com/TheBestEducationCentre,?,,no_snippets,https://www.facebook.com/ads/library/?active_status=active&ad_type=all&country=TH&search_type=page&q=TheBestEducationCentre,0,Loaded but no snippets extracted
Liu Cheng International Group,LCIGroupWorldwide,https://www.facebook.com/LCIGroupWorldwide,0,,no_results,https://www.facebook.com/ads/library/?active_status=active&ad_type=all&country=TH&search_type=page&q=LCIGroupWorldwide,0,
Oec Global Education,oecbangkok,https://www.facebook.com/oecbangkok,0,,no_results,https://www.facebook.com/ads/library/?active_status=active&ad_type=all&country=TH&search_type=page&q=oecbangkok,0,
Hands On Education,HandsOnEdu,https://www.facebook.com/HandsOnEdu,?,,no_snippets,https://www.facebook.com/ads/library/?active_status=active&ad_type=all&country=TH&search_type=page&q=HandsOnEdu,0,Loaded but no snippets extracted
IDP Education,IDPEducationThailand,https://www.facebook.com/IDPEducationThailand,6,,ok,https://www.facebook.com/ads/library/?active_status=active&ad_type=all&country=TH&search_type=page&q=IDPEducationThailand,1,✨IELTS Overall 7.0✨อยู่ใกล้แค่เอื้อม! ติวจัดเต็มในคอร์ส IELTS Thunder 25 hrs คอร์ส Private 1:1  ครูจุ๊บ กับครู Stephanie  ￼￼ พร้อมพาลุย จัดเต็ม คว้าคะแนนไอเอลสุดปัง Band 7.0 up ⬆️ พร้อมดันทุกเคส! ไปให้สุดเหวี่ยง! พร้อมเสริมเทคนิค และไวยากรณ์ต่างๆ ที่ควรใช้ในข้อสอบไอเอล เพิ่มความมั่นใจเกิน 100 💜 ก่อนลงสนามสอบแบบ ไร้ความกังวล 📍 ต้องใช้คะแนนเท่าไหร่ บอกครูได้เลย... 💁‍♀️ 📍 พร้อม customize เนื้อหา ให้ต
IDP Education,IDPEducationThailand,https://www.facebook.com/IDPEducationThailand,6,,ok,https://www.facebook.com/ads/library/?active_status=active&ad_type=all&country=TH&search_type=page&q=IDPEducationThailand,2,"𝐒𝐭𝐮𝐝𝐲 𝐢𝐧 𝐁𝐢𝐫𝐦𝐢𝐧𝐠𝐡𝐚𝐦 - 𝐀 𝐖𝐨𝐫𝐥𝐝 𝐓𝐨𝐩 𝟏𝟎𝟎 𝐔𝐧𝐢𝐯𝐞𝐫𝐬𝐢𝐭𝐲 Step into your future with the University of Birmingham – ranked #76 in the QS World University Rankings 2026. Earn a degree that’s recognised, respected and opens doors worldwide. 💡 Not sure where to begin? Let IDP Education guide you through every step of the process, from choosing your course to applying for scholarships. 💬 Book a FREE 1-to-1 con"
IDP Education,IDPEducationThailand,https://www.facebook.com/IDPEducationThailand,6,,ok,https://www.facebook.com/ads/library/?active_status=active&ad_type=all&country=TH&search_type=page&q=IDPEducationThailand,3,จะดีกว่าไหม? ถ้ามาสอบ 𝗜𝗘𝗟𝗧𝗦 กับสถาบันที่มีรางวัลรับรองมาตรฐานระดับยอดเยี่ยม🏆🏆🏆 𝗡𝗲𝘄 𝗖𝗮𝗺𝗯𝗿𝗶𝗱𝗴𝗲 𝗜𝗻𝘀𝘁𝗶𝘁𝘂𝘁𝗲 ได้รับ 3 รางวัลจาก 𝗜𝗗𝗣 𝗘𝗱𝘂𝗰𝗮𝘁𝗶𝗼𝗻 ติดต่อกัน 3 ปีซ้อน 🏆 𝗧𝗵𝗮𝗶𝗹𝗮𝗻𝗱 𝗧𝗼𝗽 𝗣𝗮𝗿𝘁𝗻𝗲𝗿 🏆 𝗘𝘅𝗰𝗲𝗹𝗹𝗲𝗻𝘁 𝗜𝗗𝗣 𝗜𝗘𝗟𝗧𝗦 𝗧𝗲𝘀𝘁 𝗖𝗲𝗻𝘁𝗿𝗲 🏆 𝗧𝗼𝗽 𝗥𝗲𝗳𝗲𝗿𝗿𝗮𝗹 𝗣𝗮𝗿𝘁𝗻𝗲𝗿 (𝗖𝗲𝗻𝘁𝗿𝗮𝗹 𝗥𝗲𝗴𝗶𝗼𝗻) อีกหนึ่งเครื่องยืนยันคุณภาพของสถาบันที่ดูแลนักเรียน 𝗜𝗘𝗟𝗧𝗦 มามากกว่า 23 ปี เพราะความสำเร็จของคุณคือความสำเร็จของเรา #สอบIELTS #เรียนIELTS #ติวIELTS #
IDP Education,IDPEducationThailand,https://www.facebook.com/IDPEducationThailand,6,,ok,https://www.facebook.com/ads/library/?active_status=active&ad_type=all&country=TH&search_type=page&q=IDPEducationThailand,4,"🚨Final Warning ทุนฯ #เรียนต่อโทอังกฤษ ปี 2026 ของยูดัง Top 200 โลก มูลค่ากว่า £16,000 ใกล้จะปิดรับสมัครแล้วน้า😱 ทุนฯ ดี ๆ แบบนี้ ไม่รู้ปีหน้าจะมีอีกไหม ให้พี่ ๆ IDP ช่วยดำเนินการสมัครให้ฟรี ง่าย ไว ไม่หัวหมุน 📌ทักแชท นัดเวลากับแอดมินเลย ! [ ทำไมให้พี่ ๆ IDP สมัครให้ ถึงปังกว่ายื่นเอง? ] ∟📝 ไม่ต้องกลัวพลาดเรื่องเอกสาร พี่ ๆ ช่วยรีเช็กให้เป๊ะทุกจุด แถมสมัครไว ก็ได้คิวพิจารณาทุนก่อนใคร อุ่นใจทุกขั้นต"
IDP Education,IDPEducationThailand,https://www.facebook.com/IDPEducationThailand,6,,ok,https://www.facebook.com/ads/library/?active_status=active&ad_type=all&country=TH&search_type=page&q=IDPEducationThailand,5,🏢IDP ไม่ได้มีแค่ IELTS นะ🙌 จริง ๆ แล้ว IDP เป็นเอเจนซี่เรียนต่อต่างประเทศ เปิดบริการมานานกว่า 50 ปีแล้ว🎉 คุณพ่อคุณแม่สนใจอยากส่งลูกไปต่อนอก 📌ทัก IDP เลย บริการฟรีทุกขั้นตอน [ IDP มีบริการอะไรบ้าง ? ] พี่ ๆ เป็นตัวแทนสถาบันกว่า 700 แห่งจาก 6 ประเทศยอดฮิต อย่าง ออสเตรเลีย นิวซีแลนด์ อังกฤษ ไอร์แลนด์ อเมริกา และแคนาดา 🇦🇺 🇳🇿 🇬🇧 🇮🇪 🇺🇸 🇨🇦 การที่น้อง ๆ สมัครผ่านตัวแทนอย่าง IDP พี่ ๆ จะสามารถช่วย ∟🎓 แนะนำ
IDP Education,IDPEducationThailand,https://www.facebook.com/IDPEducationThailand,6,,ok,https://www.facebook.com/ads/library/?active_status=active&ad_type=all&country=TH&search_type=page&q=IDPEducationThailand,6,✨IELTS Overall 7.0✨อยู่ใกล้แค่เอื้อม! ติวจัดเต็มในคอร์ส IELTS Thunder 25 hrs คอร์ส Private 1:1  ครูจุ๊บ กับครู Stephanie  ￼￼ พร้อมพาลุย จัดเต็ม คว้าคะแนนไอเอลสุดปัง Band 7.0 up ⬆️ พร้อมดันทุกเคส! ไปให้สุดเหวี่ยง! พร้อมเสริมเทคนิค และไวยากรณ์ต่างๆ ที่ควรใช้ในข้อสอบไอเอล เพิ่มความมั่นใจเกิน 100 💜 ก่อนลงสนามสอบแบบ ไร้ความกังวล 📍 ต้องใช้คะแนนเท่าไหร่ บอกครูได้เลย... 💁‍♀️ 📍 พร้อม customize เนื้อหา ให้ต
Imagine Global Edu and Migration- iGEM (Bangkok),igemeduphilippines,https://www.facebook.com/igemeduphilippines,0,,no_results,https://www.facebook.com/ads/library/?active_status=active&ad_type=all&country=TH&search_type=page&q=igemeduphilippines,0,
Apex Education Consultant,ApexEducationConsultant,https://www.facebook.com/ApexEducationConsultant,1,,ok,https://www.facebook.com/ads/library/?active_status=active&ad_type=all&country=TH&search_type=page&q=ApexEducationConsultant,1,"เวลาน้อยไม่ใช่ปัญหา! 🚀 อัปสกิลอังกฤษเร่งด่วนที่เซบู 🇵🇭 เรียน 1 เดือน = ที่อื่น 3 เดือน! เริ่มต้น ~50,000 รวมครบ (เรียน+กิน+อยู่) บรรยากาศดี ใกล้ทะเล เรียนไปเที่ยวไปสบายมาก 🌴💬 สอบถามข้อมูลเพิ่มเติมหรือปรึกษาพี่ๆ APEX ในการศึกษาต่อต่างประเทศ หรือเรียนภาษาก็ได้ฟรี! 📱 Line : @apexstudyabroad (https://lin.ee/jI6dVSo) 📞 Tel : 02-002-8855 #studyenglish #เรียนภาษาอังกฤษ #ApexEducate #apexstudyabroad #Cebu"
Union Plus,Aussmart,https://www.facebook.com/Aussmart,0,,no_results,https://www.facebook.com/ads/library/?active_status=active&ad_type=all&country=TH&search_type=page&q=Aussmart,0,
Beyond Study Center Co,BeyondStudyCenter,https://www.facebook.com/BeyondStudyCenter,44,,ok,https://www.facebook.com/ads/library/?active_status=active&ad_type=all&country=TH&search_type=page&q=BeyondStudyCenter,1,(EN below) กำลังคิดจะทำงานหรือใช้ชีวิตในเยอรมนีหรือเปล่า? พูดภาษาเยอรมัน - เปิดประตูสู่โอกาสทางอาชีพและทำให้ชีวิตง่ายขึ้น ทำไมการเรียนภาษาเยอรมันจึงสำคัญ • ภาษาเยอรมันลดความยุ่งยากในชีวิตประจำวัน: การติดต่อราชการ การหาที่พัก เอกสารทางการ และการปรับตัวเข้ากับสังคม • 60% ของประกาศรับสมัครงานเป็นภาษาเยอรมันเท่านั้น - หากไม่รู้ภาษา คุณจะพลาดโอกาสมากมาย • แม้ในสถานที่ทำงานที่ใช้ภาษาอังกฤษ ภาษาเยอรมันช่
Beyond Study Center Co,BeyondStudyCenter,https://www.facebook.com/BeyondStudyCenter,44,,ok,https://www.facebook.com/ads/library/?active_status=active&ad_type=all&country=TH&search_type=page&q=BeyondStudyCenter,2,"After being rescued from the debris flow, Allison Nosciter, Colonel Greyson Debeaux's wife, seemed like an entirely different person. In the past, she would always have a bottle of Gatorade and a fresh towel ready when Greyson returned from his morning run. If he worked late, she left a lamp on in the living room and stayed awake until she heard his Jeep pull into the driveway. Now, she no longer "
Beyond Study Center Co,BeyondStudyCenter,https://www.facebook.com/BeyondStudyCenter,44,,ok,https://www.facebook.com/ads/library/?active_status=active&ad_type=all&country=TH&search_type=page&q=BeyondStudyCenter,3,"After being rescued from the debris flow, Allison Nosciter, Colonel Greyson Debeaux's wife, seemed like an entirely different person. In the past, she would always have a bottle of Gatorade and a fresh towel ready when Greyson returned from his morning run. If he worked late, she left a lamp on in the living room and stayed awake until she heard his Jeep pull into the driveway. Now, she no longer "
Beyond Study Center Co,BeyondStudyCenter,https://www.facebook.com/BeyondStudyCenter,44,,ok,https://www.facebook.com/ads/library/?active_status=active&ad_type=all&country=TH&search_type=page&q=BeyondStudyCenter,4,"After being rescued from the debris flow, Allison Nosciter, Colonel Greyson Debeaux's wife, seemed like an entirely different person. In the past, she would always have a bottle of Gatorade and a fresh towel ready when Greyson returned from his morning run. If he worked late, she left a lamp on in the living room and stayed awake until she heard his Jeep pull into the driveway. Now, she no longer "
Beyond Study Center Co,BeyondStudyCenter,https://www.facebook.com/BeyondStudyCenter,44,,ok,https://www.facebook.com/ads/library/?active_status=active&ad_type=all&country=TH&search_type=page&q=BeyondStudyCenter,5,"Ready to take your next step abroad? Fly to Taiwan. 🛫 👉 Taiwan Education Fair (Lucky Draw)https://edufair.aicee.org.tw/free-consultation/ In 2026, Taiwan welcomes students from around the world to explore a unique educational journey that blends academic excellence, cultural richness, and real-world experience. From cutting-edge technology to vibrant street culture, Taiwan offers more than just a "
Beyond Study Center Co,BeyondStudyCenter,https://www.facebook.com/BeyondStudyCenter,44,,ok,https://www.facebook.com/ads/library/?active_status=active&ad_type=all&country=TH&search_type=page&q=BeyondStudyCenter,6,"After being rescued from the debris flow, Allison Nosciter, Colonel Greyson Debeaux's wife, seemed like an entirely different person. In the past, she would always have a bottle of Gatorade and a fresh towel ready when Greyson returned from his morning run. If he worked late, she left a lamp on in the living room and stayed awake until she heard his Jeep pull into the driveway. Now, she no longer "
Beyond Study Center Co,BeyondStudyCenter,https://www.facebook.com/BeyondStudyCenter,44,,ok,https://www.facebook.com/ads/library/?active_status=active&ad_type=all&country=TH&search_type=page&q=BeyondStudyCenter,7,"After being rescued from the debris flow, Allison Nosciter, Colonel Greyson Debeaux's wife, seemed like an entirely different person. In the past, she would always have a bottle of Gatorade and a fresh towel ready when Greyson returned from his morning run. If he worked late, she left a lamp on in the living room and stayed awake until she heard his Jeep pull into the driveway. Now, she no longer "
Beyond Study Center Co,BeyondStudyCenter,https://www.facebook.com/BeyondStudyCenter,44,,ok,https://www.facebook.com/ads/library/?active_status=active&ad_type=all&country=TH&search_type=page&q=BeyondStudyCenter,8,"After being rescued from the debris flow, Allison Nosciter, Colonel Greyson Debeaux's wife, seemed like an entirely different person. In the past, she would always have a bottle of Gatorade and a fresh towel ready when Greyson returned from his morning run. If he worked late, she left a lamp on in the living room and stayed awake until she heard his Jeep pull into the driveway. Now, she no longer "
Beyond Study Center Co,BeyondStudyCenter,https://www.facebook.com/BeyondStudyCenter,44,,ok,https://www.facebook.com/ads/library/?active_status=active&ad_type=all&country=TH&search_type=page&q=BeyondStudyCenter,9,"Ready to take your next step abroad? Fly to Taiwan. 🛫 👉 Taiwan Education Fair (Lucky Draw)https://edufair.aicee.org.tw/free-consultation/ In 2026, Taiwan welcomes students from around the world to explore a unique educational journey that blends academic excellence, cultural richness, and real-world experience. From cutting-edge technology to vibrant street culture, Taiwan offers more than just a "
Beyond Study Center Co,BeyondStudyCenter,https://www.facebook.com/BeyondStudyCenter,44,,ok,https://www.facebook.com/ads/library/?active_status=active&ad_type=all&country=TH&search_type=page&q=BeyondStudyCenter,10,"After being rescued from the debris flow, Allison Nosciter, Colonel Greyson Debeaux's wife, seemed like an entirely different person. In the past, she would always have a bottle of Gatorade and a fresh towel ready when Greyson returned from his morning run. If he worked late, she left a lamp on in the living room and stayed awake until she heard his Jeep pull into the driveway. Now, she no longer "
Beyond Study Center Co,BeyondStudyCenter,https://www.facebook.com/BeyondStudyCenter,44,,ok,https://www.facebook.com/ads/library/?active_status=active&ad_type=all&country=TH&search_type=page&q=BeyondStudyCenter,11,"After being rescued from the debris flow, Allison Nosciter, Colonel Greyson Debeaux's wife, seemed like an entirely different person. In the past, she would always have a bottle of Gatorade and a fresh towel ready when Greyson returned from his morning run. If he worked late, she left a lamp on in the living room and stayed awake until she heard his Jeep pull into the driveway. Now, she no longer "
Beyond Study Center Co,BeyondStudyCenter,https://www.facebook.com/BeyondStudyCenter,44,,ok,https://www.facebook.com/ads/library/?active_status=active&ad_type=all&country=TH&search_type=page&q=BeyondStudyCenter,12,"After being rescued from the debris flow, Allison Nosciter, Colonel Greyson Debeaux's wife, seemed like an entirely different person. In the past, she would always have a bottle of Gatorade and a fresh towel ready when Greyson returned from his morning run. If he worked late, she left a lamp on in the living room and stayed awake until she heard his Jeep pull into the driveway. Now, she no longer "
Beyond Study Center Co,BeyondStudyCenter,https://www.facebook.com/BeyondStudyCenter,44,,ok,https://www.facebook.com/ads/library/?active_status=active&ad_type=all&country=TH&search_type=page&q=BeyondStudyCenter,13,"Chapter 1 I Want To Marry You ""Victoria, we need to break up. It turns out I'm actually the heir to the Fairbank family, one of the most powerful families in Benwig City. You're just a country girl who sells herbs. You're not good enough for me anymore."" Victoria Binder had just received a call from her boyfriend, Gavin Alvarado&mdash;no, Gavin Fairbank now. She had been about to tell him that she"
Beyond Study Center Co,BeyondStudyCenter,https://www.facebook.com/BeyondStudyCenter,44,,ok,https://www.facebook.com/ads/library/?active_status=active&ad_type=all&country=TH&search_type=page&q=BeyondStudyCenter,14,"After being rescued from the debris flow, Allison Nosciter, Colonel Greyson Debeaux's wife, seemed like an entirely different person. In the past, she would always have a bottle of Gatorade and a fresh towel ready when Greyson returned from his morning run. If he worked late, she left a lamp on in the living room and stayed awake until she heard his Jeep pull into the driveway. Now, she no longer "
Beyond Study Center Co,BeyondStudyCenter,https://www.facebook.com/BeyondStudyCenter,44,,ok,https://www.facebook.com/ads/library/?active_status=active&ad_type=all&country=TH&search_type=page&q=BeyondStudyCenter,15,"After being rescued from the debris flow, Allison Nosciter, Colonel Greyson Debeaux's wife, seemed like an entirely different person. In the past, she would always have a bottle of Gatorade and a fresh towel ready when Greyson returned from his morning run. If he worked late, she left a lamp on in the living room and stayed awake until she heard his Jeep pull into the driveway. Now, she no longer "
Beyond Study Center Co,BeyondStudyCenter,https://www.facebook.com/BeyondStudyCenter,44,,ok,https://www.facebook.com/ads/library/?active_status=active&ad_type=all&country=TH&search_type=page&q=BeyondStudyCenter,16,"After being rescued from the debris flow, Allison Nosciter, Colonel Greyson Debeaux's wife, seemed like an entirely different person. In the past, she would always have a bottle of Gatorade and a fresh towel ready when Greyson returned from his morning run. If he worked late, she left a lamp on in the living room and stayed awake until she heard his Jeep pull into the driveway. Now, she no longer "
Beyond Study Center Co,BeyondStudyCenter,https://www.facebook.com/BeyondStudyCenter,44,,ok,https://www.facebook.com/ads/library/?active_status=active&ad_type=all&country=TH&search_type=page&q=BeyondStudyCenter,17,"After being rescued from the debris flow, Allison Nosciter, Colonel Greyson Debeaux's wife, seemed like an entirely different person. In the past, she would always have a bottle of Gatorade and a fresh towel ready when Greyson returned from his morning run. If he worked late, she left a lamp on in the living room and stayed awake until she heard his Jeep pull into the driveway. Now, she no longer "
Beyond Study Center Co,BeyondStudyCenter,https://www.facebook.com/BeyondStudyCenter,44,,ok,https://www.facebook.com/ads/library/?active_status=active&ad_type=all&country=TH&search_type=page&q=BeyondStudyCenter,18,"After being rescued from the debris flow, Allison Nosciter, Colonel Greyson Debeaux's wife, seemed like an entirely different person. In the past, she would always have a bottle of Gatorade and a fresh towel ready when Greyson returned from his morning run. If he worked late, she left a lamp on in the living room and stayed awake until she heard his Jeep pull into the driveway. Now, she no longer "
EDNET CO,EdNETCoLtd,https://www.facebook.com/EdNETCoLtd,7,ANU,ok,https://www.facebook.com/ads/library/?active_status=active&ad_type=all&country=TH&search_type=page&q=EdNETCoLtd,1,"ပစ္စည်းအမျိုးပေါင်း ၅၀၀ ကျော် ဖော်ပြထားသည့်အနက်မှ မိမိနှစ်သက်ရာ ရွေးချယ်မှာယူနိုင်ပါသည်။ ထိုင်းနိုင်ငံအနှံ့ အိမ်ရောက်ငွေချေ ပို့ဆောင်ပေးပါသည်။ ကိုအောင် မြန်မာကုန်မျိုးစုံ Grocery Store, Shopping Library ID: 2267782447089489 Started running on 24 Apr 2026 Platforms Aey89 Shop USA2"
EDNET CO,EdNETCoLtd,https://www.facebook.com/EdNETCoLtd,7,ANU,ok,https://www.facebook.com/ads/library/?active_status=active&ad_type=all&country=TH&search_type=page&q=EdNETCoLtd,2,🚩โพสต์นี้เปิดระบบดูดอัตโนมัติสั่งชื้อเพียงแค่ “พิมพ์รหัสสินค้าในโพสต์รวม”หรือ “พิมพ์รหัสใน inbox (ข้อความ) ”🔛ห้าม!พิมพ์รหัสใต้รูปนะคะระบบจะไม่ดูด 👉🏻กดทักข้อความเพจ 💳 รับบัตรเครดิต(+3%) 📮 EMSเหมาๆ 39.- #น้ำหอม #สกินแคร์ #Shopee #ลิปสติก #สงกรานต์ #โปรสงกรานต์ Aey89 Shop USA2 Health & Beauty Library ID: 1260056119655005 Started running on 12 Apr 2026 Platforms 2 ads use this creative and text See su
EDNET CO,EdNETCoLtd,https://www.facebook.com/EdNETCoLtd,7,ANU,ok,https://www.facebook.com/ads/library/?active_status=active&ad_type=all&country=TH&search_type=page&q=EdNETCoLtd,3,"🤩J-Shine Packaging, professional food grade packaging bag manufacturer. 👍Main products: Stand Up Pouch, Flat Bottom Bag, Gusset Bag, Spout Pouch, Mylar Bags, Kraft Paper Pouch, etc. ✅Providing OEM/ODM services. Click 👉 https://tinyurl.com/2s42237y to know more. FB.ME Packaging Bag Manufacturer Get Quote FB.ME Packaging Bag Manufacturer Get Quote FB.ME Packaging Bag Manufacturer Get Quote FB.ME Pac"
EDNET CO,EdNETCoLtd,https://www.facebook.com/EdNETCoLtd,7,ANU,ok,https://www.facebook.com/ads/library/?active_status=active&ad_type=all&country=TH&search_type=page&q=EdNETCoLtd,4,"⊹🏝️꙳•̩̩͙ ❆ ⛱️⋆. ʬʬ𓈒☻ มาแล้วค่าต้อนรับซัมเมอร์ซัมใจ🌸  น้ำหอม  สกินแคร์ คสอ เข้าใหม่เพียบ ☁️ ˚🎏พิม 88 📍ปักหมุดรอ รับการแจ้งเตือนน้า 🐈♡ ⋆｡ ⊹𝑆𝑒𝑒 𝑦𝑜𝑢 𝐓𝐨𝐧𝐢𝐠𝐡𝐭  𝟕.𝟎𝟎 𝑝𝑚 ʕ”̮ॽु⋆ 📨 อย่าลืมทัก 𝙄𝙉𝘽𝙊𝙓 ก่อนทำการ 𝘾𝙁  #สกินแคร์ #คสอ #น้ำหอม #สกินแคร์ถูกและดี ขายทุกอย่าง MM shop Health & Beauty, Perfumery System status Ad Library APIAbout ads and data usePrivacyTermsCookies Meta © 2026 | English (UK)"
AECC Global,AECCThailand,https://www.facebook.com/AECCThailand,0,,no_results,https://www.facebook.com/ads/library/?active_status=active&ad_type=all&country=TH&search_type=page&q=AECCThailand,0,
