platform,date,text,account_name,agent_name,canonical_university,alias_matched,is_paid,facebook_url,ad_id,start_date,end_date,est_reach_min,est_reach_max,ad_status,ad_library_url,ingested_at
facebook,,{{product.brand}} {{product.name}} fb.me,IDP Education,IDP Education,,,True,https://www.facebook.com/IDPEducationThailand,1955902751953777,,,,,active,https://www.facebook.com/ads/library/?active_status=all&ad_type=all&country=TH&search_type=page&view_all_page_id=126353198623,2026-04-28T14:17:19.787935+00:00
facebook,,"เรียน Business ในยุโรป เลือกเมืองไหนดี? 🌍✨ เลือกได้ 3 เมือง 3 สไตล์ 🇪🇸 Barcelona | 🇨🇭 Geneva | 🇩🇪 Munich เมืองไหนก็ใช่…อยู่ที่สไตล์ที่คุณชอบ!
.
💼 จุดเด่นเหมือนกันทุก Campus
 ✅ ป.โท เรียน 1 ปี, ป.ตรี เรียน 3 ปีจบ
 ✅ เรียนเป็นภาษาอังกฤษ 100%
 ✅ หลักสูตร Business ครบทุกสาย
 ✅ สามารถเปลี่ยน Campus ได้
🎓 พิเศษ! ทุนการศึกษาสูงสุด 30%
.
หยุดเรียนแบบเดิมๆ แล้วมาเติม Vibes ยุโรปให้ฉ่ำ ✨ เรียนอินเตอร์แบบ Eng 100% ท่ามกลางบรรยากาศยุโรปสุดคลาสสิก
.
ใครอยากเปลี่ยนที่เรียนเป็นยุโรป
 📩 ทักมาปรึกษาพี่ๆ OEC ได้เลย พร้อมดูแลครบทุกขั้นตอน ฟรี!
---------------------------
📞 สอบถามเพิ่มเติมได้ที่ OEC Global Education
🏢 สำนักงานหัวหมาก
☎️ 02-7206844, LINE ID: @oecglobal
.
🏢 สำนักงานปิ่นเกล้า
☎️ 096-8366299, LINE ID: oecpinklao
.
🏢 สำนักงานเชียงใหม่
☎️ 053-285157 , LINE ID: oeccm3

#เรียนต่อยุโรป #BusinessSchool #StudyInEurope #Barcelona #Geneva #Munich #OECGlobalEducation",OEC ศูนย์บริการเรียนต่อต่างประเทศ,Oec Global Education,,,True,https://www.facebook.com/oecbangkok,1260406926286661,,,,,active,https://www.facebook.com/ads/library/?active_status=all&ad_type=all&country=TH&search_type=page&view_all_page_id=166840886665467,2026-04-28T14:17:19.787935+00:00
facebook,,"🇦🇺 ลงทุน #เรียนต่อออสเตรเลีย ทั้งที ต้องไปกับเอเจนซี่เรียนต่อออสเตรเลีย ""เบอร์หนึ่ง"" ในประเทศไทย~ 📌ทักแชทนัดเวลาคุยกับพี่ ๆ IDP เลย 🙌

สมัครเรียนต่อออสเตรเลียด้วยตัวเอง มีความซับซ้อนมากกว่าที่คิด
∟ 😦 มีสถาบันดังให้เลือกเต็มไปหมด ไม่รู้ที่ไหนใช่เราที่สุด
∟ 😥 ยื่นใบสมัครให้มีลุ้นได้ Offer ก็ไม่ใช่เรื่องง่าย
∟ 😨 ยื่นวีซ่าเองก็ซับซ้อน น่าปวดหัวกว่าที่คิด
⠀
คงจะดีไม่น้อย ถ้ามีคนให้คำแนะนำได้อย่างตรงจุด ช่วยออกแบบชีวิตการเรียนต่อต่างประเทศ ที่บ่งบอกความเป็นตัวเองได้อย่างเต็มที่ 💪
⠀
คว้าฝันเรียนต่อออสเตรเลีย พี่ๆ IDP พร้อมช่วยสุดๆ 
(นร. 750,000 คนทั่วโลกไว้ใจ ไปกับพี่ๆ IDP 💪)

∟ 🎓 เป็นตัวแทน ""ทุกมหาวิทยาลัย"" ในออสเตรเลีย
∟ 🏆 ศูนย์แนะแนวหนึ่งเดียวในไทยที่ได้รับการรับรองคุณภาพ AIRC ต่อเนื่อง 7 ปี
∟ 📝 จัดการเอกสาร ตรวจ SOP ยื่นใบสมัคร ติดตามผล จัดการวีซ่า หมดกังวลทุกเรื่องวุ่น
∟ 🧑‍🤝‍🧑 ประสบการณ์ 50 ปี บริการฟรีทุกขั้นตอน ไม่มีค่าใช้จ่ายแอบแฝง 
⠀
ทักแชทนัดเวลาปรึกษาเจ้าหน้าที่แนะแนวกับแอดมินได้เลย👇 เรียนต่อออสเตรเลีย ปี 2026 กับ IDP บริการฟรีทุกขั้นตอน นัดเวลาเลย !",IDP Education,IDP Education,,,True,https://www.facebook.com/IDPEducationThailand,976896714877439,,,,,active,https://www.facebook.com/ads/library/?active_status=all&ad_type=all&country=TH&search_type=page&view_all_page_id=126353198623,2026-04-28T14:17:19.787935+00:00
facebook,,{{product.brand}} {{product.name}},IDP Education,IDP Education,,,True,https://www.facebook.com/IDPEducationThailand,1465546364951624,,,,,active,https://www.facebook.com/ads/library/?active_status=all&ad_type=all&country=TH&search_type=page&view_all_page_id=126353198623,2026-04-28T14:17:19.787935+00:00
facebook,,{{product.brand}} {{product.name}} fb.me,IDP Education,IDP Education,,,True,https://www.facebook.com/IDPEducationThailand,1874741790580227,,,,,active,https://www.facebook.com/ads/library/?active_status=all&ad_type=all&country=TH&search_type=page&view_all_page_id=126353198623,2026-04-28T14:17:19.787935+00:00
facebook,,{{product.brand}} {{product.name}},IDP Education,IDP Education,,,True,https://www.facebook.com/IDPEducationThailand,1486573416348415,,,,,active,https://www.facebook.com/ads/library/?active_status=all&ad_type=all&country=TH&search_type=page&view_all_page_id=126353198623,2026-04-28T14:17:19.787935+00:00
facebook,,{{product.brand}} {{product.name}} fb.me,IDP Education,IDP Education,,,True,https://www.facebook.com/IDPEducationThailand,966947992372130,,,,,active,https://www.facebook.com/ads/library/?active_status=all&ad_type=all&country=TH&search_type=page&view_all_page_id=126353198623,2026-04-28T14:17:19.787935+00:00
facebook,,{{product.brand}} {{product.name}} fb.me,IDP Education,IDP Education,,,True,https://www.facebook.com/IDPEducationThailand,1010295548612567,,,,,active,https://www.facebook.com/ads/library/?active_status=all&ad_type=all&country=TH&search_type=page&view_all_page_id=126353198623,2026-04-28T14:17:19.787935+00:00
facebook,,{{product.brand}} {{product.name}} fb.me,IDP Education,IDP Education,,,True,https://www.facebook.com/IDPEducationThailand,951156220945717,,,,,active,https://www.facebook.com/ads/library/?active_status=all&ad_type=all&country=TH&search_type=page&view_all_page_id=126353198623,2026-04-28T14:17:19.787935+00:00
facebook,,"👨‍💻👩‍💻 #ชาวDev หรือคนสาย Tech ที่กำลังวางแผนเรียนต่อ ป.โท ในสายงานมาแรง แนวโน้มเติบโตสูง Cybersecurity อาจจะเป็นอีกหนึ่งสายที่ต้องพิจารณาเลยค่ะ
⠀⠀
หลายคนอาจจะมองหาสายงานเทคฯ ที่เป็นกระแสอย่าง Software Engineer ซึ่งทำให้มองข้ามสายงานดีๆ อย่าง “Cybersecurity” ไป พี่ๆ IDP เลยสรุป 3 เหตุผลสั้นๆ ว่าทำไมการเรียนต่อ ป.โท ในสายงานนี้ถึงน่าสนใจสุดๆ
⠀⠀
1️⃣ ตลาดโต-แต่คนขาดแคลน เพราะ บริษัทไทย 86% เพิ่มงบลงทุน แต่มีผู้เชี่ยวชาญพร้อมรับมือแค่ 9% เท่านั้น ทำให้ความต้องการคนสายนี้มีแนวโน้มเติบโตอีกค่อนข้างเยอะ
⠀⠀
2️⃣ ทักษะมูลค่าสูง แทนที่ด้วย AI ยาก เพราะปัญหาด้าน Security อาศัยทักษะเฉพาะทาง ทำให้เงินเดือนค่อนข้างดีและเป็นที่ต้องการทั่วโลก

ตำแหน่ง Cybersecurity Engineer ในไทยในไทย รายได้เฉลี่ย 55,000 – 130,000 บาท/เดือน และในระดับนานาชาติ ตำแหน่ง Cybersecurity System Engineer ในประเทศอังกฤษ รายได้เฉลี่ยต่อปี 2,800,000 (£62,353)
⠀⠀
3️⃣ ป.โท ช่วยสร้างแต้มต่อสู่ตำแหน่งระดับสูงได้เป็นอย่างดี เพราะช่วยสร้างความเชี่ยวชาญเฉพาะทาง และได้เข้าถึงคอนเนคชันในวงการ
⠀⠀
จะดีขนาดไหน ถ้าได้เป็น 'ตัวเต็ง' ที่บริษัทชั",IDP Education,IDP Education,,,True,https://www.facebook.com/IDPEducationThailand,850176031427848,,,,,active,https://www.facebook.com/ads/library/?active_status=all&ad_type=all&country=TH&search_type=page&view_all_page_id=126353198623,2026-04-28T14:17:19.787935+00:00
facebook,,"🎓จบไม่ตรงสาย อยากเติมความรู้ธุรกิจให้กลับมาใช้จริง ทำไมต้องไปไกลถึง UK 🇬🇧
⠀ 
ลงทุน #เรียนต่อโทอังกฤษ ให้คุ้มค่า คุ้มประสบการณ์แบบน้องพาย ต้องให้พี่ ๆ IDP ดูแล~ 🙌
⠀
∟ 🏆 ศูนย์แนะแนวหนึ่งเดียวในไทยที่ได้รับการรับรองคุณภาพ AIRC ต่อเนื่อง 7 ปี
∟ 🎓 เป็นตัวแทน Russell Group มากที่สุดนไทย รวมแล้วกว่า 20 มหาวิทยาลัย 
∟ 📝 จัดการเอกสาร ตรวจ SOP ยื่นใบสมัคร ติดตามผล จัดการวีซ่า หมดกังวลทุกเรื่องวุ่น

∟ 🧑‍🤝‍🧑 ประสบการณ์ 50 ปี บริการฟรีทุกขั้นตอน ไม่มีค่าใช้จ่ายแอบแฝง ลงทะเบียนเลย 👇 จบไม่ตรงสาย อยากเติมความรู้ธุรกิจให้กลับมาใช้จริง ทำไมต้องไปไกลถึง UK fb.me",IDP Education,IDP Education,,,True,https://www.facebook.com/IDPEducationThailand,2475602246222812,,,,,active,https://www.facebook.com/ads/library/?active_status=all&ad_type=all&country=TH&search_type=page&view_all_page_id=126353198623,2026-04-28T14:17:19.787935+00:00
facebook,,"🇦🇺 ถ้ารู้แบบนี้ตั้งแต่ตอนวางแผน #เรียนต่อออสเตรเลีย จะไม่ปักใจไว้แค่ Sydney กับ Melbourne แน่นอน📌
⠀ 
📌โอกาสดีๆ แบบนี้ ใครปักใจ อยากเรียนต่อเมืองรอบนอก Sydney กับ Melbourne ต้องรีบแล้ว~ พี่ๆ พร้อมช่วยสุด ๆ นร. 750,000 คนทั่วโลกไว้ใจ ไปกับพี่ ๆ IDP💪

🏆 ศูนย์แนะแนวหนึ่งเดียวในไทยที่ได้รับการรับรองคุณภาพ AIRC ต่อเนื่อง 7 ปี
📝 จัดการเอกสาร ตรวจ SOP ยื่นใบสมัคร ติดตามผล จัดการวีซ่า หมดกังวลทุกเรื่องวุ่น
🧑‍🤝‍🧑 ประสบการณ์ 50 ปี บริการฟรีทุกขั้นตอน ไม่มีค่าใช้จ่ายแอบแฝง ลงทะเบียนเลย👇 ถ้ารู้แบบนี้แต่แรก จะไม่ปักใจไว้แค่ Sydney กับ Melbourne แน่นอน fb.me",IDP Education,IDP Education,,,True,https://www.facebook.com/IDPEducationThailand,2250045318869173,,,,,active,https://www.facebook.com/ads/library/?active_status=all&ad_type=all&country=TH&search_type=page&view_all_page_id=126353198623,2026-04-28T14:17:19.787935+00:00
facebook,,"🚨Final Warning ทุนฯ #เรียนต่อโทอังกฤษ ปี 2026 ของยูดัง Top 200 โลก มูลค่ากว่า £16,000 ใกล้จะปิดรับสมัครแล้วน้า😱 ทุนฯ ดี ๆ แบบนี้ ไม่รู้ปีหน้าจะมีอีกไหม ให้พี่ ๆ IDP ช่วยดำเนินการสมัครให้ฟรี ง่าย ไว ไม่หัวหมุน 📌ทักแชท นัดเวลากับแอดมินเลย !
⠀ ⠀
[ ทำไมให้พี่ ๆ IDP สมัครให้ ถึงปังกว่ายื่นเอง? ]
∟📝 ไม่ต้องกลัวพลาดเรื่องเอกสาร พี่ ๆ ช่วยรีเช็กให้เป๊ะทุกจุด แถมสมัครไว ก็ได้คิวพิจารณาทุนก่อนใคร อุ่นใจทุกขั้นตอน~
∟👩‍💻 ไม่ต้องนั่งเฝ้าจอรออีเมลผลตอบรับให้ล้า พี่ ๆ IDP รับบทเลขาฯ คอยตามผลตอบรับให้ทุกฝีก้าว 
∟ 🙌 พี่ ๆ ดูแลต่อยาว ๆ~ สแตนด์บายจัดการให้ครบ จบทุกสเต็ปจนพร้อมบิน ฟรีทุกขั้นตอน
⠀ ⠀
[ เรียนต่อต่างประเทศ ทำไมต้องไปกับ IDP ]

IDP มีสถาบันให้เลือกเพียบ~ เพราะพี่ ๆ เป็นเอเจนซี่เรียนต่อนอกที่ใหญ่ที่สุดในไทย มีเครือข่ายมากที่สุดในโลก🌎

∟ 📜 เจ้าหน้าที่แนะแนวได้รับการรับรองคุณภาพ ถูกต้องตามกฎหมายทุกคน
∟ 🏅 ศูนย์แนะแนวหนึ่งเดียวในไทยที่ได้รับการรับรองคุณภาพ AIRC ต่อเนื่อง 7 ปี⁣
∟ 🏆 ได้รับ The PIEoneer Awards รางวัลที่ได้รับการขนานนามว่าเหมือน ""ออสการ์"" ในวงการเรียนต่อ
∟ 🧑‍🤝‍🧑 เปิดบริการมานานกว่า 50 ",IDP Education,IDP Education,,,True,https://www.facebook.com/IDPEducationThailand,2212574769549410,,,,,active,https://www.facebook.com/ads/library/?active_status=all&ad_type=all&country=TH&search_type=page&view_all_page_id=126353198623,2026-04-28T14:17:19.787935+00:00
facebook,,"🏢IDP ไม่ได้มีแค่ IELTS นะ🙌 จริง ๆ แล้ว IDP เป็นเอเจนซี่เรียนต่อต่างประเทศ เปิดบริการมานานกว่า 50 ปีแล้ว🎉 คุณพ่อคุณแม่สนใจอยากส่งลูกไปต่อนอก 📌ทัก IDP เลย บริการฟรีทุกขั้นตอน
⠀ ⠀
[ IDP มีบริการอะไรบ้าง ? ]

พี่ ๆ เป็นตัวแทนสถาบันกว่า 700 แห่งจาก 6 ประเทศยอดฮิต อย่าง ออสเตรเลีย นิวซีแลนด์ อังกฤษ ไอร์แลนด์ อเมริกา และแคนาดา 🇦🇺 🇳🇿 🇬🇧 🇮🇪 🇺🇸 🇨🇦

การที่น้อง ๆ สมัครผ่านตัวแทนอย่าง IDP พี่ ๆ จะสามารถช่วย
∟🎓 แนะนำหลักสูตร มหาวิทยาลัย ทุนการศึกษา
∟🔎 ให้พี่ ๆ Native Speaker รีวิว SOP ให้เริ่ด~
∟📝 ยื่นใบสมัคร ติดตามผล
∟✈️ ดำเนินการทำวีซ่านักเรียน

และที่ขาดไม่ได้เลย คือ บริการเสริมเมื่อเดินทางถึง เพราะเป็นสิ่งที่หลายคนมองข้าม แต่มีผลมาก ๆ กับการเรียนต่อต่างประเทศของน้อง ๆ ทุกคน
∟ 🏥 ประกันสุขภาพสำหรับนักเรียนต่างชาติ
∟ 💸 บริการโอนเงินระหว่างประเทศ 
∟ 🏠 ที่พักสำหรับนักเรียนต่างชาติ
∟ 💳 ธุรกรรมทางธนาคารสำหรับนักศึกษา
∟ 👨‍👩‍👧‍👦 Guardianship 
ทั้งหมดนี้บริการฟรีทุกขั้นตอน~ ✅
⠀ ⠀
[ เรียนต่อต่างประเทศ ทำไมต้องไปกับ IDP ]
IDP มีสถาบันให้เลือกเพียบ~ เพราะพี่ ๆ เป็นเอเจนซี่เรียนต่อนอกที่ใหญ่ที่สุดในไทย มีเครื",IDP Education,IDP Education,,,True,https://www.facebook.com/IDPEducationThailand,990549313538748,,,,,active,https://www.facebook.com/ads/library/?active_status=all&ad_type=all&country=TH&search_type=page&view_all_page_id=126353198623,2026-04-28T14:17:19.787935+00:00
facebook,,"#โอกาสเรียนต่อออสพร้อมทุนมาแล้ว 🇦🇺
𝐔𝐍𝐒𝗪 𝐒𝐲𝐝𝐧𝐞𝐲 มหาวิทยาลัยอันดับ 2 ของออสเตรเลีย 
มอบทุนอัตโนมัติ 𝟏𝟎,𝟎𝟎𝟎 𝐀𝐔𝐃 (𝐀𝐮𝐬𝐭𝐫𝐚𝐥𝐢𝐚'𝐬 𝐆𝐥𝐨𝐛𝐚𝐥 𝐔𝐧𝐢𝐯𝐞𝐫𝐬𝐢𝐭𝐲 𝐀𝐰𝐚𝐫𝐝) สำหรับเรียนต่อป.ตรี-โท รอบปี 𝟐𝟎𝟐𝟒 🎉

ทำไมต้องเรียนต่อกับ 𝐔𝐍𝐒𝗪 𝐒𝐲𝐝𝐧𝐞𝐲❓
🌟𝟏 ในสมาชิก 𝐆𝐫𝐨𝐮𝐩 𝐨𝐟 𝐄𝐢𝐠𝐡𝐭 โด่งดังด้านการวิจัย
🌟อันดับ 𝟏 ด้าน 𝐑𝐞𝐬𝐞𝐚𝐫𝐜𝐡 𝐄𝐱𝐜𝐞𝐥𝐥𝐞𝐧𝐜𝐞 𝐚𝐧𝐝 𝐈𝐦𝐩𝐚𝐜𝐭
🌟มหาวิทยาลัย 𝐓𝐎𝐏 𝟐𝟎 ของโลก (𝟐𝟎𝟐𝟒 𝐐𝐒 𝗪𝐨𝐫𝐥𝐝 𝐔𝐧𝐢𝐯𝐞𝐫𝐬𝐢𝐭𝐲 𝐑𝐚𝐧𝐤𝐢𝐧𝐠𝐬)
🌟𝟑 𝐒𝐮𝐛𝐣𝐞𝐜𝐭𝐬 ติด 𝐓𝐨𝐩 𝟐𝟎 ของโลก
- 𝐌𝐢𝐧𝐞𝐫𝐚𝐥 & 𝐌𝐢𝐧𝐢𝐧𝐠 𝐄𝐧𝐠𝐢𝐧𝐞𝐞𝐫𝐢𝐧𝐠 (𝟒𝐭𝐡)
- 𝐋𝐚𝐰 (𝟏𝟑𝐭𝐡)
- 𝐂𝐢𝐯𝐢𝐥 & 𝐒𝐭𝐫𝐮𝐜𝐭𝐮𝐫𝐚𝐥 𝐄𝐧𝐠𝐢𝐧𝐞𝐞𝐫𝐢𝐧𝐠 (𝟏𝟔𝐭𝐡)
ขอข้อมูล ติดต่อ IDP บริการฟรีทุกขั้นตอน

#ฟรีค่าใบสมัคร เฉพาะนักเรียนของ IDP
・・・・・・・・・・・・・・・・
𝐓𝐮𝐫𝐧 𝐲𝐨𝐮𝐫 𝐝𝐫𝐞𝐚𝐦 𝐢𝐧𝐭𝐨 𝐫𝐞𝐚𝐥𝐢𝐭𝐲.
𝐂𝐨𝐧𝐧𝐞𝐜𝐭 𝐰𝐢𝐭𝐡 𝐨𝐮𝐫 𝐬𝐭𝐮𝐝𝐲 𝐚𝐛𝐫𝐨𝐚𝐝 𝐬𝐩𝐞𝐜𝐢𝐚𝐥𝐢𝐬𝐭𝐬❤️
สอบถามข้อมูลเพิ่มเติม⁣⁣⁣
⭐IDP สำนักงานสีลม⁣
ทักแชท🔗 m.me/IDPEducationThailand⁣
โทร📞 02-055-4200⁣⁣⁣⁣⁣⁣⁣⁣⁣⁣⁣⁣⁣⁣⁣⁣⁣⁣⁣⁣
⭐IDP สำนักงานสยาม⁣
ทักแชท🔗 m.me/IDPEducationThailand⁣
โทร📞 089-666-4634⁣
⭐IDP สำนักงานเชียงใหม่⁣
ทักแชท🔗m.me/idpchiangmai⁣
โทร📞 053-217552⁣
⭐IDP สำนักงานขอนแก่น⁣
ทักแชท🔗 m.me/idpatkhonkaen⁣
โทร📞 043-321-331⁣
⭐IDP สำนักงานหา",IDP Education,IDP Education,,,True,https://www.facebook.com/IDPEducationThailand,319122264517135,,,,,inactive,https://www.facebook.com/ads/library/?active_status=all&ad_type=all&country=TH&search_type=page&view_all_page_id=126353198623,2026-04-28T14:17:19.787935+00:00
facebook,,"📚เรียน MBA ที่ University of Bath ได้แก้โจทย์จริงกับบริษัทระดับโลก🌍 พร้อมแบกประสบการณ์ระดับโลกกลับไปเต็ม ๆ🤩ไปเรียนต่อ UK กับ IDP 📌ทักแชทนัดเวลาเลย !
⠀
นอกจากประสบการณ์ที่ไปต่อยอดกับการทำงานได้ ยังได้เรียนรู้สกิลที่มากกว่าความรู้ในห้องเรียนเยอะมาก
∟ 👨‍👨 การ Respect คนอื่น
∟ 💬 รู้จักคน รู้จักการพูด
∟ 🙌 การ Compromise ให้งานไปต่อได้อย่างราบรื่น
เป็นทักษะที่ AI ก็ยังแทนไม่ได้ไปอีกนาน~
⠀
ลงทุน #เรียนต่อโทอังกฤษ ให้ไปต่อยอดและใช้ได้จริงแบบน้องปิงปิง ปรึกษาพี่ ๆ IDP ได้เลย~ 💪
⠀
∟ 🏆 ศูนย์แนะแนวหนึ่งเดียวในไทยที่ได้รับการรับรองคุณภาพ AIRC ต่อเนื่อง 7 ปี
∟ 🎓 เป็นตัวแทน Russell Group มากที่สุดนไทย รวมแล้วกว่า 20 มหาวิทยาลัย 
∟ 📝 จัดการเอกสาร ตรวจ SOP ยื่นใบสมัคร ติดตามผล จัดการวีซ่า หมดกังวลทุกเรื่องวุ่น

∟ 🧑‍🤝‍🧑 ประสบการณ์ 50 ปี บริการฟรีทุกขั้นตอน ไม่มีค่าใช้จ่ายแอบแฝง ลงทะเบียนเลย 👇 เรียนจบ MBA ที่ไหน ถึงได้ประสบการณ์ดี ๆ เอาไปใช้ทำงานได้จริง ? fb.me",IDP Education,IDP Education,,,True,https://www.facebook.com/IDPEducationThailand,2018538195410173,,,,,active,https://www.facebook.com/ads/library/?active_status=all&ad_type=all&country=TH&search_type=page&view_all_page_id=126353198623,2026-04-28T14:17:19.787935+00:00
facebook,,"📢 ผล UCAS ออกแล้ว! ใครได้หรือยังไม่ได้ offer ไปต่อยังไงดีนะ? ✨เดี๋ยวแอดสรุปให้แบบเข้าใจง่าย ๆ ในคลิปนี้เลย⁣
⁣
🤯 บอกเลยว่า Process ยิบย่อยเยอะม๊าก รีเสิร์ชข้อมูลจนตาลาย แต่ข่าวดีคือ น้อง ๆ ไม่ต้องหาคนเดียวอีกต่อไป พี่ ๆ IDP พร้อมช่วยครบทุกขั้นตอน ด้วยประสบการณ์กว่า 50 ปี⁣
⁣
└  เป็นตัวแทนมหาวิทยาลัยในอังกฤษกว่า 100+ แห่ง มากที่สุดในไทย⁣
└  มีลิสต์ข้อมูลให้ครบ ไม่ต้องนั่งหาทีละเว็บ⁣
└  ช่วยคัด “มหาลัยที่ใช่” ให้ตรงกับเป้าหมายของน้อง ๆ⁣
⁣
มีข้อสงสัยเรื่อง UCAS ทักมาคุยกับพี่ ๆ IDP ได้เลยนะ ฟรี! ไม่มีค่าใช้จ่ายทุกขั้นตอน💸 ⁣
🍀LINE: @idpthailand⁣⁣
☎️ 02-055-4200⁣⁣
⁣⁣
#เรียนต่อต่างประเทศ #IDPThailand #UCAS #เรียนต่ออังกฤษ",IDP Education,IDP Education,,,True,https://www.facebook.com/IDPEducationThailand,992631896431239,,,,,active,https://www.facebook.com/ads/library/?active_status=all&ad_type=all&country=TH&search_type=page&view_all_page_id=126353198623,2026-04-28T14:17:19.787935+00:00
facebook,,"🇬🇧 รุ่นพี่ทีม #เรียนต่ออังกฤษ ทำไมเลือกเรียนต่อ UK แทนที่จะเรียนต่อในไทย 🙌
⠀
ลังเล เรียนต่อไทย หรือเรียนต่อ UK ดีน้า ลงทะเบียนปรึกษาพี่ ๆ  IDP ได้เลย พี่ ๆ พร้อมช่วย 💪
∟ 🏆 ศูนย์แนะแนวหนึ่งเดียวในไทยที่ได้รับการรับรองคุณภาพ AIRC ต่อเนื่อง 7 ปี
∟ 🎓 เป็นตัวแทน Russell Group มากที่สุดนไทย รวมแล้วกว่า 20 มหาวิทยาลัย 
∟ 📝 จัดการเอกสาร ตรวจ SOP ยื่นใบสมัคร ติดตามผล จัดการวีซ่า หมดกังวลทุกเรื่องวุ่น

∟ 🧑‍🤝‍🧑 ประสบการณ์ 50 ปี บริการฟรีทุกขั้นตอน ไม่มีค่าใช้จ่ายแอบแฝง ทักแชทมาคุยกัน👇 รุ่นพี่ทีมเรียนต่ออังกฤษ ทำไมเลือกเรียนต่อ UK แทนที่จะเรียนต่อในไทย fb.me",IDP Education,IDP Education,,,True,https://www.facebook.com/IDPEducationThailand,1373137261272951,,,,,active,https://www.facebook.com/ads/library/?active_status=all&ad_type=all&country=TH&search_type=page&view_all_page_id=126353198623,2026-04-28T14:17:19.787935+00:00
facebook,,"🇦🇺 ใครปักหมุด #เรียนต่อออสเตรเลีย ระดับ ป.ตรี - โท ปี 2026 พี่ๆ IDP มีอีกหนึ่งทุนฯ น่าสนใจมาเล่าสู่กันฟังค่ะ🥰

ปีนี้ University of Queensland มหาวิทยาลัยอันดับ 6 จากประเทศออสเตรเลีย มีทุนการศึกษาสุดพิเศษ 𝐔𝐐 𝐈𝐧𝐭𝐞𝐫𝐧𝐚𝐭𝐢𝐨𝐧𝐚𝐥 𝐄𝐱𝐜𝐞𝐥𝐥𝐞𝐧𝐜𝐞 𝐒𝐜𝐡𝐨𝐥𝐚𝐫𝐬𝐡𝐢𝐩 มูลค่าสูงสุด 25% ของค่าเรียนต่อปี (หรือประมาณสูงสุด ~280,000 บาท)
⠀  
หลายคนอาจคิดว่าทุนฯ จาก ม.ดัง อย่างเราคงไม่มีลุ้น แต่เกณฑ์พิจารณากลับไม่ยากอย่างที่คิด เพราะเป็นทุนฯ อัตโนมัติ

👉 ไม่ต้องแข่งกับใคร แค่มี Unconditional Offer จาก University of Queensland
👉 พิจารณาใบสมัครแบบ First-come, First-served basis (ใครสมัครก่อน ได้รับการพิจารณาก่อน)
👉 ได้กับหลักสูตร ป.ตรี - โท แบบเต็มเวลา (ยกเว้นบางสาขา เช่น แพทย์ ทันตะ พยาบาล กายภาพบำบัด จิตวิทยา ฯลฯ)
  ⠀  
📌โอกาสดีๆ แบบนี้ ใครปักใจ อยากเรียนต่อ University of Queensland ต้องรีบแล้ว~ พี่ๆ IDP พร้อมช่วยสุดๆ (นร. 500,000 คนทั่วโลกไว้ใจ ไปกับพี่ๆ IDP💪)

🏆 ศูนย์แนะแนวหนึ่งเดียวในไทยที่ได้รับการรับรองคุณภาพ AIRC ต่อเนื่อง 7 ปี
📝 จัดการเอกสาร ตรวจ SOP ยื่นใบสมัคร ติดตามผล จัดการวีซ่า หมดกังวลทุกเรื่องวุ่น
🧑‍🤝‍",IDP Education,IDP Education,,,True,https://www.facebook.com/IDPEducationThailand,1639077294029150,,,,,active,https://www.facebook.com/ads/library/?active_status=all&ad_type=all&country=TH&search_type=page&view_all_page_id=126353198623,2026-04-28T14:17:19.787935+00:00
facebook,,"ทุกคนเคยสังเกตป่ะ? ทำไมคนไทย ถ้าไม่ไป 🇬🇧 #เรียนต่ออังกฤษ ก็ต้องไป 🇦🇺 #เรียนต่อออสเตรเลีย
⠀ 
✈️ ทีม #เรียนต่อต่างประเทศ คนไหนที่ยังไม่ได้เลือกข้าง ถึงเวลาตัดสินใจครั้งใหญ่ มาเลือกข้างที่ใช่กับพี่ ๆ IDP~🙌

∟ 🧑‍🤝‍🧑 พี่ ๆ เป็นเอเจนซี่เรียนต่อต่างประเทศ เปิดบริการมานานกว่า 50 ปี ส่งนร. ทั่วโลกไปเรียนต่อแล้วกว่า 750,000 คน
∟ 🏆 ศูนย์แนะแนวหนึ่งเดียวในไทยที่ได้รับการรับรองคุณภาพ AIRC ต่อเนื่อง 7 ปี
∟ 🥇 ได้รับรางวัล Education Agency of the Year 2024 โดย PIE 2024
∟ 🎓 เป็นตัวแทน Russell Group มากที่สุดในไทย รวมแล้วกว่า 20 มหาวิทยาลัย 
∟ 🎓 เป็นตัวแทน ""ทุกมหาวิทยาลัย"" ในออสเตรเลีย
∟ 📝 จัดการเอกสาร ตรวจ SOP ยื่นใบสมัคร ติดตามผล จัดการวีซ่า หมดกังวลทุกเรื่องวุ่น
∟ ✈️ นักเรียน IDP กว่า 750,000 คน ได้ไปเรียนต่อตามแผนที่วาง

∟ 🧑‍🤝‍🧑 ประสบการณ์ 50 ปี บริการฟรีทุกขั้นตอน ไม่มีค่าใช้จ่ายแอบแฝง ลงทะเบียนเลย 👇 ทุกคนเคยสังเกตป่ะ? ทำไมคนไทย ถ้าไม่ไปเรียนต่ออังกฤษ ก็ออสเตรเลีย ? fb.me",IDP Education,IDP Education,,,True,https://www.facebook.com/IDPEducationThailand,1987265865218112,,,,,active,https://www.facebook.com/ads/library/?active_status=all&ad_type=all&country=TH&search_type=page&view_all_page_id=126353198623,2026-04-28T14:17:19.787935+00:00
facebook,,"ทุกคนเคยสังเกตป่ะ? ทำไมคนไทย ถ้าไม่ไป 🇬🇧 #เรียนต่ออังกฤษ ก็ต้องไป 🇦🇺 #เรียนต่อออสเตรเลีย
⠀ 
✈️ ทีม #เรียนต่อต่างประเทศ คนไหนที่ยังไม่ได้เลือกข้าง ถึงเวลาตัดสินใจครั้งใหญ่ มาเลือกข้างที่ใช่กับพี่ ๆ IDP~🙌

∟ 🧑‍🤝‍🧑 พี่ ๆ เป็นเอเจนซี่เรียนต่อต่างประเทศ เปิดบริการมานานกว่า 50 ปี ส่งนร. ทั่วโลกไปเรียนต่อแล้วกว่า 750,000 คน
∟ 🏆 ศูนย์แนะแนวหนึ่งเดียวในไทยที่ได้รับการรับรองคุณภาพ AIRC ต่อเนื่อง 7 ปี
∟ 🥇 ได้รับรางวัล Education Agency of the Year 2024 โดย PIE 2024
∟ 🎓 เป็นตัวแทน Russell Group มากที่สุดในไทย รวมแล้วกว่า 20 มหาวิทยาลัย 
∟ 🎓 เป็นตัวแทน ""ทุกมหาวิทยาลัย"" ในออสเตรเลีย
∟ 📝 จัดการเอกสาร ตรวจ SOP ยื่นใบสมัคร ติดตามผล จัดการวีซ่า หมดกังวลทุกเรื่องวุ่น
∟ ✈️ นักเรียน IDP กว่า 750,000 คน ได้ไปเรียนต่อตามแผนที่วาง

∟ 🧑‍🤝‍🧑 ประสบการณ์ 50 ปี บริการฟรีทุกขั้นตอน ไม่มีค่าใช้จ่ายแอบแฝง ลงทะเบียนเลย 👇 ทุกคนเคยสังเกตป่ะ? ทำไมคนไทย ถ้าไม่ไปเรียนต่ออังกฤษ ก็ออสเตรเลีย ? fb.me",IDP Education,IDP Education,,,True,https://www.facebook.com/IDPEducationThailand,1976805423042881,,,,,active,https://www.facebook.com/ads/library/?active_status=all&ad_type=all&country=TH&search_type=page&view_all_page_id=126353198623,2026-04-28T14:17:19.787935+00:00
facebook,,"💰ช่วงนี้น้องๆ ถามถึงทุน #เรียนต่อต่างประเทศ กันเยอะมากๆ พี่ๆ IDP เลยอยากมาเล่าเรื่องทุนฯ ที่น้องๆ หลายคนไม่ค่อยรู้ แต่จริงๆ แล้วดีมากๆ ให้ฟังกันค่ะ🥰
  ⠀ 
📌โอกาสดีๆ แบบนี้ ใครอยากรู้ว่าตัวเองเหมาะกับทุนฯ ไหน ต้องรีบมาปรึกษา IDP แล้ว~ พี่ๆ พร้อมช่วยสุด ๆ นร. 750,000 คนทั่วโลกไว้ใจ ไปกับพี่ ๆ IDP 💪

🏆 ศูนย์แนะแนวหนึ่งเดียวในไทยที่ได้รับการรับรองคุณภาพ AIRC ต่อเนื่อง 7 ปี
📝 จัดการเอกสาร ตรวจ SOP ยื่นใบสมัคร ติดตามผล จัดการวีซ่า หมดกังวลทุกเรื่องวุ่น
🧑‍🤝‍🧑 ประสบการณ์ 50 ปี บริการฟรีทุกขั้นตอน ไม่มีค่าใช้จ่ายแอบแฝง ลงทะเบียนเลย👇 ช่วงนี้น้องๆ ถามถึงทุนเรียนต่อต่างประเทศกันเยอะมากๆ พี่ๆ เลยขออาสาเล่าให้ทุกคนฟังค่ะ fb.me",IDP Education,IDP Education,,,True,https://www.facebook.com/IDPEducationThailand,1435235228342945,,,,,active,https://www.facebook.com/ads/library/?active_status=all&ad_type=all&country=TH&search_type=page&view_all_page_id=126353198623,2026-04-28T14:17:19.787935+00:00
facebook,,"🇦🇺 ลงทุน #เรียนต่อออสเตรเลีย ทั้งที ต้องไปกับเอเจนซี่เรียนต่อออสเตรเลีย ""เบอร์หนึ่ง"" ในประเทศไทย~ 📌ลงทะเบียนมาคุยกันได้เลย พี่ ๆ IDP พร้อมช่วยสุด ๆ 🙌
⠀
นร. 750,000 คนทั่วโลกไว้ใจ ไปกับพี่ๆ IDP 💪

∟ 🎓 เป็นตัวแทน ""ทุกมหาวิทยาลัย"" ในออสเตรเลีย
∟ 🏆 ศูนย์แนะแนวหนึ่งเดียวในไทยที่ได้รับการรับรองคุณภาพ AIRC ต่อเนื่อง 7 ปี
∟ 📝 จัดการเอกสาร ตรวจ SOP ยื่นใบสมัคร ติดตามผล จัดการวีซ่า หมดกังวลทุกเรื่องวุ่น
∟ 🧑‍🤝‍🧑 ประสบการณ์ 50 ปี บริการฟรีทุกขั้นตอน ไม่มีค่าใช้จ่ายแอบแฝง ลงทะเบียนเลย👇 สมัครเรียนต่อออสเตรเลีย ปี 2026 กับ IDP บริการฟรีทุกขั้นตอน fb.me",IDP Education,IDP Education,,,True,https://www.facebook.com/IDPEducationThailand,860021447109209,,,,,active,https://www.facebook.com/ads/library/?active_status=all&ad_type=all&country=TH&search_type=page&view_all_page_id=126353198623,2026-04-28T14:17:19.787935+00:00
facebook,,"✈️ทำไมถึงเปลี่ยนใจไม่สมัครเอง แต่ใช้เอเจนซี่ #เรียนต่อต่างประเทศ แทน? 
⠀⠀
หลายคนคิดว่า การสมัครเรียนต่อต่างประเทศ แค่ยื่นใบสมัคร รอรับ Offer ก็จบปิ๊ง แต่ในความเป็นจริง ยังมีขั้นตอนยิบย่อยที่หลายคนมองข้าม
⠀⠀
📧 การประสานงานกับมหาวิทยาลัย
✍️ การเขียน SOP ให้มีลุ้นได้ Offer
🛂 การยื่นวีซ่า
🏠 การหาที่พัก
💸 ไปจนถึงการโอนเงิน
⠀⠀
และอีกหลายอย่างมากๆ ที่บางครั้ง เสิร์ชหาข้อมูลเองก็ไม่มี หรือมีก็อาจไม่ใช่ข้อมูลที่ถูกต้องและอัปเดตสุดซะทีเดียว และยิ่งใครต้องทำงานไปด้วย เตรียมตัวเรียนต่อด้วยยิ่งแล้วใหญ่
⠀⠀
ทำงานยุ่งแค่ไหน ก็ไม่ต้องกังวลเรื่องเรียนต่อ เพราะเอเจนซี่เรียนต่อนอก ช่วยแบ่งเบาภาระเรื่องวุ่นๆ ให้
✅ มีปัญหาอะไร ติดต่อง่าย แก้ปัญหาได้ทันที
🗓️ ไม่มีหลงลืมเดดไลน์สำคัญ
💡 รู้ Insight ก่อนใคร ทุนฯ รอบเปิดใบสมัคร ไม่ต้องคอยเช็กหน้าเว็บไซต์เอง
⠀⠀
ใครกำลังเปลี่ยนใจ ไม่สมัครเองแล้ว แต่อยากใช้เอเจนซี่แทน พี่ๆ IDP พร้อมช่วยสุดๆ (นร. 500,000 คนทั่วโลกไว้ใจ ให้พี่ๆ ดูแล)

🎓 พี่ๆ IDP เป็นตัวแทนมหาวิทยาลัย UK กว่า 100 แห่ง มากที่สุดในไทย อยากเรียนอะไร ก็มีให้หมด ตอบโจทย์ทุกความสนใจ

📝 จัดการเอกสาร ตรวจ SOP ",IDP Education,IDP Education,,,True,https://www.facebook.com/IDPEducationThailand,26523932457291807,,,,,active,https://www.facebook.com/ads/library/?active_status=all&ad_type=all&country=TH&search_type=page&view_all_page_id=126353198623,2026-04-28T14:17:19.787935+00:00
facebook,,"✈️ทำไมถึงเปลี่ยนใจไม่สมัครเอง แต่ใช้เอเจนซี่ #เรียนต่อต่างประเทศ แทน? 
⠀⠀
หลายคนคิดว่า การสมัครเรียนต่อต่างประเทศ แค่ยื่นใบสมัคร รอรับ Offer ก็จบปิ๊ง แต่ในความเป็นจริง ยังมีขั้นตอนยิบย่อยที่หลายคนมองข้าม
⠀⠀
📧 การประสานงานกับมหาวิทยาลัย
✍️ การเขียน SOP ให้มีลุ้นได้ Offer
🛂 การยื่นวีซ่า
🏠 การหาที่พัก
💸 ไปจนถึงการโอนเงิน
⠀⠀
และอีกหลายอย่างมากๆ ที่บางครั้ง เสิร์ชหาข้อมูลเองก็ไม่มี หรือมีก็อาจไม่ใช่ข้อมูลที่ถูกต้องและอัปเดตสุดซะทีเดียว และยิ่งใครต้องทำงานไปด้วย เตรียมตัวเรียนต่อด้วยยิ่งแล้วใหญ่
⠀⠀
ทำงานยุ่งแค่ไหน ก็ไม่ต้องกังวลเรื่องเรียนต่อ เพราะเอเจนซี่เรียนต่อนอก ช่วยแบ่งเบาภาระเรื่องวุ่นๆ ให้
✅ มีปัญหาอะไร ติดต่อง่าย แก้ปัญหาได้ทันที
🗓️ ไม่มีหลงลืมเดดไลน์สำคัญ
💡 รู้ Insight ก่อนใคร ทุนฯ รอบเปิดใบสมัคร ไม่ต้องคอยเช็กหน้าเว็บไซต์เอง
⠀⠀
ใครกำลังเปลี่ยนใจ ไม่สมัครเองแล้ว แต่อยากใช้เอเจนซี่แทน พี่ๆ IDP พร้อมช่วยสุดๆ (นร. 500,000 คนทั่วโลกไว้ใจ ให้พี่ๆ ดูแล)

🎓 พี่ๆ IDP เป็นตัวแทนมหาวิทยาลัย UK กว่า 100 แห่ง มากที่สุดในไทย อยากเรียนอะไร ก็มีให้หมด ตอบโจทย์ทุกความสนใจ

📝 จัดการเอกสาร ตรวจ SOP ",IDP Education,IDP Education,,,True,https://www.facebook.com/IDPEducationThailand,1596035011484603,,,,,active,https://www.facebook.com/ads/library/?active_status=all&ad_type=all&country=TH&search_type=page&view_all_page_id=126353198623,2026-04-28T14:17:19.787935+00:00
facebook,,"🇬🇧 ลงทุนเรียนต่อท็อปยูที่ UK ทั้งที ต้องไปกับเอเจนซี่เรียนต่อต่างประเทศที่ นร. 750,000 คนทั่วโลกไว้ใจ 📌ทักแชทมาคุยกันได้เลย 🙌
⠀
[ IDP มีบริการอะไรบ้าง ? ]
🎓พี่ ๆ IDP เป็นตัวแทนกว่า 100+ สถาบันในประเทศอังกฤษ จำนวนมากที่สุดในไทย เป็นตัวแทนสมาชิก Russell Group กว่า 20 แห่ง ประกอบด้วยมหาวิทยาลัยชื่อดังที่หลายคนคุ้นตา

∟ 🇬🇧 University College London #universitycollegelondon
∟ 🇬🇧 King’s College London
∟ 🇬🇧 The University of Manchester
∟ 🇬🇧 University of the Arts London #UAL ที่พี่ ๆ IDP เป็นตัวแทนหนึ่งเดียวในไทย
⠀ ⠀
การที่น้อง ๆ สมัครผ่านตัวแทนอย่าง IDP พี่ ๆ จะสามารถช่วย
∟🎓 แนะนำหลักสูตร มหาวิทยาลัย ทุนการศึกษา
∟🔎 ให้พี่ ๆ Native Speaker รีวิว SOP ให้เริ่ด~
∟📝 ยื่นใบสมัคร ติดตามผล
∟✈️ ดำเนินการทำวีซ่านักเรียน
⠀ ⠀
และที่ขาดไม่ได้เลย คือ บริการเสริมเมื่อเดินทางถึง เพราะเป็นสิ่งที่หลายคนมองข้าม แต่มีผลมาก ๆ กับการเรียนต่อต่างประเทศของน้อง ๆ ทุกคน
∟ 🏥 ประกันสุขภาพสำหรับนักเรียนต่างชาติ
∟ 💸 บริการโอนเงินระหว่างประเทศ 
∟ 🏠 ที่พักสำหรับนักเรียนต่างชาติ
∟ 💳 ธุรกรรมทางธนาคารสำหรับนักศึกษา
∟ 👨‍👩‍👧‍👦 ",IDP Education,IDP Education,,,True,https://www.facebook.com/IDPEducationThailand,1395595972611028,,,,,active,https://www.facebook.com/ads/library/?active_status=all&ad_type=all&country=TH&search_type=page&view_all_page_id=126353198623,2026-04-28T14:17:19.787935+00:00
facebook,,"🇬🇧 ถ้าสมัคร #เรียนต่ออังกฤษ ด้วยตัวเอง ก็คือพลาดโอกาสได้ทุนฯ ดีแบบนี้ไปเลย😱
⠀
ใครกำลังสมัครเอง เปลี่ยนใจมาสมัครเรียนต่ออังกฤษ IDP ได้เลย พี่ ๆ พร้อมช่วย 💪
∟ 🏆 ศูนย์แนะแนวหนึ่งเดียวในไทยที่ได้รับการรับรองคุณภาพ AIRC ต่อเนื่อง 7 ปี
∟ 🎓 เป็นตัวแทน Russell Group มากที่สุดนไทย รวมแล้วกว่า 20 มหาวิทยาลัย 
∟ 📝 จัดการเอกสาร ตรวจ SOP ยื่นใบสมัคร ติดตามผล จัดการวีซ่า หมดกังวลทุกเรื่องวุ่น

∟ 🧑‍🤝‍🧑 ประสบการณ์ 50 ปี บริการฟรีทุกขั้นตอน ไม่มีค่าใช้จ่ายแอบแฝง ทักแชทมาคุยกัน👇 ถ้าสมัครเรียนต่ออังกฤษด้วยตัวเอง ก็คือตัดโอกาสได้ทุนฯ ดี แบบนี้ไปเลย fb.me",IDP Education,IDP Education,,,True,https://www.facebook.com/IDPEducationThailand,1275752434678715,,,,,active,https://www.facebook.com/ads/library/?active_status=all&ad_type=all&country=TH&search_type=page&view_all_page_id=126353198623,2026-04-28T14:17:19.787935+00:00
facebook,,{{product.brand}} {{product.name}} fb.me,IDP Education,IDP Education,,,True,https://www.facebook.com/IDPEducationThailand,1837850060182821,,,,,active,https://www.facebook.com/ads/library/?active_status=all&ad_type=all&country=TH&search_type=page&view_all_page_id=126353198623,2026-04-28T14:17:19.787935+00:00
facebook,,{{product.brand}} {{product.name}} fb.me,IDP Education,IDP Education,,,True,https://www.facebook.com/IDPEducationThailand,1286939243407099,,,,,active,https://www.facebook.com/ads/library/?active_status=all&ad_type=all&country=TH&search_type=page&view_all_page_id=126353198623,2026-04-28T14:17:19.787935+00:00
facebook,,"𝐓𝐡𝐞 𝐔𝐧𝐢𝐯𝐞𝐫𝐬𝐢𝐭𝐲 𝐨𝐟 𝐀𝐝𝐞𝐥𝐚𝐢𝐝𝐞 แจกทุน สูงสุด 𝟑𝟎% ต่อปี ( 𝐆𝐥𝐨𝐛𝐚𝐥 𝐂𝐢𝐭𝐢𝐳𝐞𝐧 𝐒𝐜𝐡𝐨𝐥𝐚𝐫𝐬𝐡𝐢𝐩 𝟐𝟎𝟐𝟒) สำหรับตรี-โท
❌ไม่ต้องสมัคร ✔️คุณสมบัติครบได้ทุนเลย ✔️เรียนจบขออยู่ทำงานต่อออสยาว ๆ ได้ 🤩

สำหรับเรียนต่อปี 𝟐𝟎𝟐𝟒 เท่านั้น

สมัครเรียนผ่าน 𝐈𝐃𝐏 ดำเนินการ ฟรี ทุกขั้นตอน

น้อง ๆ คนไหนสนใจเรียนต่อออสเตรเลียติดต่อพี่ ๆ 𝐈𝐃𝐏 มาได้เลยน้า #บริการฟรีทุกขั้นตอน
・・・・・・・・・・・・・・・・
𝐓𝐮𝐫𝐧 𝐲𝐨𝐮𝐫 𝐝𝐫𝐞𝐚𝐦 𝐢𝐧𝐭𝐨 𝐫𝐞𝐚𝐥𝐢𝐭𝐲.
𝐂𝐨𝐧𝐧𝐞𝐜𝐭 𝐰𝐢𝐭𝐡 𝐨𝐮𝐫 𝐬𝐭𝐮𝐝𝐲 𝐚𝐛𝐫𝐨𝐚𝐝 𝐬𝐩𝐞𝐜𝐢𝐚𝐥𝐢𝐬𝐭𝐬❤️

สอบถามข้อมูลเพิ่มเติม⁣⁣⁣

⭐IDP สำนักงานสีลม⁣
ทักแชท🔗 m.me/IDPEducationThailand⁣
โทร📞 02-055-4200⁣⁣⁣⁣⁣⁣⁣⁣⁣⁣⁣⁣⁣⁣⁣⁣⁣⁣⁣⁣
⭐IDP สำนักงานสยาม⁣
ทักแชท🔗 m.me/IDPEducationThailand⁣
โทร📞 089-666-4634⁣
⭐IDP สำนักงานเชียงใหม่⁣
ทักแชท🔗m.me/idpchiangmai⁣
โทร📞 053-217552⁣
⭐IDP สำนักงานขอนแก่น⁣
ทักแชท🔗 m.me/idpatkhonkaen⁣
โทร📞 043-321-331⁣
⭐IDP สำนักงานหาดใหญ่
โทร📞 063-878-6058
🌐 https://www.idp.com/thailand/

#เรียนต่อออสเตรเลีย #studyaustralia #studyabroad #เรียนต่อต่างประเทศ #scholarships ไม่ต้องสมัคร คุณสมบัติครบได้ทุนเลย fb.me",IDP Education,IDP Education,,,True,https://www.facebook.com/IDPEducationThailand,951028569970976,,,,,inactive,https://www.facebook.com/ads/library/?active_status=all&ad_type=all&country=TH&search_type=page&view_all_page_id=126353198623,2026-04-28T14:17:19.787935+00:00
facebook,,{{product.brand}} {{product.name}} lin.ee,WIN Education Thailand,WIN Education,,,True,https://www.facebook.com/WINed.thailand,1658406412196661,,,,,active,https://www.facebook.com/ads/library/?active_status=all&ad_type=all&country=TH&search_type=page&view_all_page_id=1805916103018074,2026-04-28T14:17:19.787935+00:00
facebook,,{{product.brand}} {{product.name}} lin.ee,WIN Education Thailand,WIN Education,,,True,https://www.facebook.com/WINed.thailand,1683861089406309,,,,,active,https://www.facebook.com/ads/library/?active_status=all&ad_type=all&country=TH&search_type=page&view_all_page_id=1805916103018074,2026-04-28T14:17:19.787935+00:00
facebook,,{{product.brand}} {{product.name}} lin.ee,WIN Education Thailand,WIN Education,,,True,https://www.facebook.com/WINed.thailand,1483565196648937,,,,,active,https://www.facebook.com/ads/library/?active_status=all&ad_type=all&country=TH&search_type=page&view_all_page_id=1805916103018074,2026-04-28T14:17:19.787935+00:00
facebook,,{{product.brand}} {{product.name}} lin.ee,WIN Education Thailand,WIN Education,,,True,https://www.facebook.com/WINed.thailand,1420268963086834,,,,,active,https://www.facebook.com/ads/library/?active_status=all&ad_type=all&country=TH&search_type=page&view_all_page_id=1805916103018074,2026-04-28T14:17:19.787935+00:00
facebook,,{{product.brand}} {{product.name}} lin.ee,WIN Education Thailand,WIN Education,,,True,https://www.facebook.com/WINed.thailand,1445315613652666,,,,,active,https://www.facebook.com/ads/library/?active_status=all&ad_type=all&country=TH&search_type=page&view_all_page_id=1805916103018074,2026-04-28T14:17:19.787935+00:00
facebook,,"🔔 ดิ้ง ๆ! นี่คือเสียงปลุกน้อง ๆ ที่เล็งเรียนต่ออังกฤษในปี 2026 เพราะงาน [ 𝗦𝘁𝘂𝗱𝘆 𝗶𝗻 𝘁𝗵𝗲 𝗨𝗞 𝗙𝗮𝗶𝗿 ] 🇬🇧 ของพี่ Hands On จะกลับมาให้ข้อมูล – เสิร์ฟกิจกรรมพิเศษให้ทั้งงานอีกครั้งในเดือนพฤษภาคมนี้ 🧡 ในโพสต์นี้ได้รวบรวมภาพบรรยากาศงานที่ไม่เคยแผ่วลงเลยสักครั้ง ขอชวนน้อง ๆ มาสัมผัสกับตัวเองดู ✨
.
งานนี้คุ้มที่สุดแล้วสำหรับน้อง ๆ ที่อยู่ #ทีมเรียนต่ออังกฤษ เพราะว่า...
📚 มีข้อมูลคอร์สเรียนป.ตรี-โท-เอก ของมหาวิทยาลัยดังใน UK มากมาย!
💯 สามารถเช็กค่าใช้จ่ายคร่าว ๆ พร้อมทุนการศึกษาปี 2026
📝 สรุปขั้นตอนการสมัครเรียน และลิสต์เอกสารที่จำเป็น
👩🏻‍🎓 โอกาสเม้าท์กับรุ่นพี่ศิษย์เก่านักเรียนอังกฤษแบบตัวต่อตัว
🎤 เข้าฟังสัมมนาติว IELTS, Business School Panel Discussion และ Law Alumni Talk
.
ทุกกิจกรรมในงาน ฟรี! เตรียมตัวให้พร้อมแล้วมา Start การเรียนต่อ UK ให้มั่นใจ “See you there!” 💫
🗓 เสาร์ที่ 9 พฤษภาคม | 14:00 – 18:00
📍 Novotel Bangkok on Siam Square ชั้น B1
🚗 BTS สยาม หรือจอดรถฟรีที่โรงแรม
ลงชื่อเข้างานฟรี https://handsonth.link/4tc7FNj hands-on.co.th",Hands On Education Consultants,Hands On Education,,,True,https://www.facebook.com/HandsOnEdu,2108114999968308,,,,,active,https://www.facebook.com/ads/library/?active_status=all&ad_type=all&country=TH&search_type=page&view_all_page_id=108080895911317,2026-04-28T14:17:19.787935+00:00
facebook,,{{product.brand}} {{product.name}} lin.ee,WIN Education Thailand,WIN Education,,,True,https://www.facebook.com/WINed.thailand,1669530891156370,,,,,active,https://www.facebook.com/ads/library/?active_status=all&ad_type=all&country=TH&search_type=page&view_all_page_id=1805916103018074,2026-04-28T14:17:19.787935+00:00
facebook,,{{product.brand}} {{product.name}} lin.ee,WIN Education Thailand,WIN Education,,,True,https://www.facebook.com/WINed.thailand,1459437039244151,,,,,active,https://www.facebook.com/ads/library/?active_status=all&ad_type=all&country=TH&search_type=page&view_all_page_id=1805916103018074,2026-04-28T14:17:19.787935+00:00
facebook,,{{product.brand}} {{product.name}} win-ed.com,WIN Education Thailand,WIN Education,,,True,https://www.facebook.com/WINed.thailand,1493424415731737,,,,,active,https://www.facebook.com/ads/library/?active_status=all&ad_type=all&country=TH&search_type=page&view_all_page_id=1805916103018074,2026-04-28T14:17:19.787935+00:00
facebook,,"📢#เรียนต่อ𝐔𝐊🇬🇧 รีวิวจากรุ่นพี่ที่ 𝐔𝐧𝐢𝐯𝐞𝐫𝐬𝐢𝐭𝐲 𝐨𝐟 𝐄𝐱𝐞𝐭𝐞𝐫
สาขา 𝐌𝐒𝐜 𝐀𝐜𝐜𝐨𝐮𝐧𝐭𝐢𝐧𝐠 𝐚𝐧𝐝 𝐅𝐢𝐧𝐚𝐧𝐜𝐞
😊เมจิใช้บริการผ่าน 𝐖𝐈𝐍 𝐄𝐝𝐮𝐜𝐚𝐭𝐢𝐨𝐧💙
แอดไลน์ปรึกษาพี่ๆ 𝐖𝐈𝐍 ฟรีทุกขั้นตอน คลิก https://bit.ly/2E2pE2p
.
💬อยากไปเรียนต่อป.โท เพราะตอนนี้ทำงานเป็นผู้ตรวจสอบบัญชีและอยากต่อยอดในด้าน Finance เพื่อทำงานในด้าน cooperate อื่นๆ ที่ advanced ขึ้น เลยตัดสินใจเลือกมหาวิทยาลัย University of Exeter เพราะเป็นมหาลัยที่ Ranking สูงและตัวคอร์สน่าสนใจเยอะมากๆ
💙พี่ WIN มีความ active และแนะนำเราเยอะมากๆ ประทับใจตรงที่ตอบคำถามเราได้ทุกอย่าง ไม่ว่าจะเป็นคำถามที่ยาก สำหรับใครที่สนใจไปเรียนต่อต่างประเทศ แนะนำ WIN Education ที่นี่ให้คำปรึกษาฟรี ไม่มีค่าใช้จ่าย
.
#อุ่นใจไปกับWINEducation #wineducation
แอดไลน์ปรึกษาเรียนต่อกับพี่ๆ WIN Education
Official Line id: @wineducation
คลิกที่ Link ไลน์ถามได้เลย https://bit.ly/2E2pE2p
www.win-ed.com
026617495👩‍☑️",WIN Education Thailand,WIN Education,,,True,https://www.facebook.com/WINed.thailand,1971296347598972,,,,,active,https://www.facebook.com/ads/library/?active_status=all&ad_type=all&country=TH&search_type=page&view_all_page_id=1805916103018074,2026-04-28T14:17:19.787935+00:00
facebook,,"📢#เรียนต่อ𝐔𝐊🇬🇧 รีวิวจากรุ่นพี่ที่ 𝐔𝐧𝐢𝐯𝐞𝐫𝐬𝐢𝐭𝐲 𝐨𝐟 𝐄𝐱𝐞𝐭𝐞𝐫
สาขา 𝐌𝐒𝐜 𝐀𝐜𝐜𝐨𝐮𝐧𝐭𝐢𝐧𝐠 𝐚𝐧𝐝 𝐅𝐢𝐧𝐚𝐧𝐜𝐞
😊เมจิใช้บริการผ่าน 𝐖𝐈𝐍 𝐄𝐝𝐮𝐜𝐚𝐭𝐢𝐨𝐧💙
แอดไลน์ปรึกษาพี่ๆ 𝐖𝐈𝐍 ฟรีทุกขั้นตอน คลิก https://bit.ly/2E2pE2p
.
💬อยากไปเรียนต่อป.โท เพราะตอนนี้ทำงานเป็นผู้ตรวจสอบบัญชีและอยากต่อยอดในด้าน Finance เพื่อทำงานในด้าน cooperate อื่นๆ ที่ advanced ขึ้น เลยตัดสินใจเลือกมหาวิทยาลัย University of Exeter เพราะเป็นมหาลัยที่ Ranking สูงและตัวคอร์สน่าสนใจเยอะมากๆ
💙พี่ WIN มีความ active และแนะนำเราเยอะมากๆ ประทับใจตรงที่ตอบคำถามเราได้ทุกอย่าง ไม่ว่าจะเป็นคำถามที่ยาก สำหรับใครที่สนใจไปเรียนต่อต่างประเทศ แนะนำ WIN Education ที่นี่ให้คำปรึกษาฟรี ไม่มีค่าใช้จ่าย
.
#อุ่นใจไปกับWINEducation #wineducation
แอดไลน์ปรึกษาเรียนต่อกับพี่ๆ WIN Education
Official Line id: @wineducation
คลิกที่ Link ไลน์ถามได้เลย https://bit.ly/2E2pE2p
www.win-ed.com
026617495👩‍☑️",WIN Education Thailand,WIN Education,,,True,https://www.facebook.com/WINed.thailand,938054891945296,,,,,active,https://www.facebook.com/ads/library/?active_status=all&ad_type=all&country=TH&search_type=page&view_all_page_id=1805916103018074,2026-04-28T14:17:19.787935+00:00
facebook,,"🎓รวมทุนป.โท สำหรับเด็กไทย จากท็อปยู UK ที่พลาดไม่ได้!
🏅 สมัครเรียนแล้วได้ทุนทันที ไม่ต้องยื่นเอกสารขอทุนให้ยุ่งยาก! 
💙สมัคร 𝐅𝐚𝐬𝐭 𝐓𝐫𝐚𝐜𝐤 กับพี่ 𝐖𝐈𝐍 แอดไลน์เลย https://lin.ee/Jsmnsgr
.
รวมทุนการศึกษาจากมหาวิทยาลัยท็อปยู UK
🇬🇧The University of Sheffield 
🇬🇧University of Bath 
🇬🇧University of East Anglia 
🇬🇧Newcastle University
🇬🇧University of York
🇬🇧University of Leeds
🇬🇧Henley Business School, University of Reading
🇬🇧University of Exeter
🇬🇧University of Southampton
🇬🇧University of Nottingham
🇬🇧Queen Mary University of London
.
🩵WIN Education 11 สาขาใกล้บ้านคุณ
📌 9 สาขาทั่วกรุงเทพและปริมณฑล เดินทางสะดวกติด BTS MRT
🏢สาขาจุฬา-สามย่าน : ชั้น 3 สามย่าน มิตรทาวน์
📞โทร: 02-219-1581 📲แอดไลน์: https://lin.ee/b6SnYhx
🏢สาขาเซ็นทรัลลาดพร้าว : ชั้น 8 เซ็นทรัลลาดพร้าว
📞โทร: 083-188-7544 📲แอดไลน์: https://lin.ee/64yOyTW
🏢สาขา Sukhumvit Emsphere : ชั้น 9 ตึก EM Tower Emsphere
📞โทร: 02-055-6040 📲แอดไลน์: https://lin.ee/jNmuSdTo
🏢สาขา Siam-MBK : ชั้น 4 MBK Center
📞โทร: 02-048-5710 📲แอดไลน์: https://lin.ee/",WIN Education Thailand,WIN Education,,,True,https://www.facebook.com/WINed.thailand,1564936211232773,,,,,active,https://www.facebook.com/ads/library/?active_status=all&ad_type=all&country=TH&search_type=page&view_all_page_id=1805916103018074,2026-04-28T14:17:19.787935+00:00
facebook,,"🇦🇺✈️𝐖𝐈𝐍 𝐰𝐢𝐭𝐡 𝐔 𝐢𝐧 𝐀𝐮𝐬𝐭𝐫𝐚𝐥𝐢𝐚💙📼รีวิวมหา’ลัยและแชร์ประสบการณ์จากรุ่นพี่ที่ 𝐓𝐡𝐞 𝐔𝐧𝐢𝐯𝐞𝐫𝐬𝐢𝐭𝐲 𝐨𝐟 𝐒𝐲𝐝𝐧𝐞𝐲
🤍พี่ 𝐖𝐈𝐍 บินตรง พาไปเจอรุ่นพี่ที่ 𝐓𝐡𝐞 𝐔𝐧𝐢𝐯𝐞𝐫𝐬𝐢𝐭𝐲 𝐨𝐟 𝐒𝐲𝐝𝐧𝐞𝐲 พร้อมรีวิวมหา’ลัยแบบจัดเต็ม!
😊สุ้ย สาขา 𝐃𝐨𝐜𝐭𝐨𝐫 𝐨𝐟 𝐏𝐡𝐢𝐥𝐨𝐬𝐨𝐩𝐡𝐲 (𝐋𝐚𝐰)
อยากไปเรียนต่อแบบนี้ แอดไลน์ปรึกษาพี่ๆ 𝐖𝐈𝐍 ฟรีทุกขั้นตอน คลิก https://bit.ly/2E2pE2p
.
🇦🇺The University of Sydney
🏆มหาวิทยาลัย TOP 18 ของโลก
🏆Group of Eight
.
🏅ทุนการศึกษาสูงสุด 20,000 AUD
📌ด่วน! ทุนมีจำนวนจำกัด
.
📼เหตุผลที่เลือกเรียนที่ The University of Sydney
✨อาจารย์คุณภาพระดับโลก 
✨เจ้าหน้าที่ของมหา’ลัย ดูแลซัพพอร์ตทุก Progress ของนักเรียน คอยติดตามนักเรียนตลอด
✨ผู้คนในมหา’ลัยมีความหลากหลายทางเชื้อชาติ ทำให้สภาพแวดล้อมดีและไม่จำเจ
✨การเดินทางสะดวก มีทั้ง Train, Tram, Metro และ Bus ที่ไปได้หลายที่ในเมืองและนอกเมือง
✨Sydney เป็นเมืองสบายๆชิลๆ อากาศดี มีทั้งร้านอาหารและของกินของใช้ที่เหมือนไทย เป็น Comfort Zone มากๆ
🔜ติดตาม WIN with U in Australia แบบจัดเต็ม!ได้ใน EP. ต่อไป
📍แล้วพบกัน Episode หน้านะคะ
.
#อุ่นใจไปกับWINEducation #wineducation
แอดไลน์ปรึกษาเรียนต่อกั",WIN Education Thailand,WIN Education,,,True,https://www.facebook.com/WINed.thailand,2172318093596195,,,,,active,https://www.facebook.com/ads/library/?active_status=all&ad_type=all&country=TH&search_type=page&view_all_page_id=1805916103018074,2026-04-28T14:17:19.787935+00:00
facebook,,"🇦🇺✈️𝐖𝐈𝐍 𝐰𝐢𝐭𝐡 𝐔 𝐢𝐧 𝐀𝐮𝐬𝐭𝐫𝐚𝐥𝐢𝐚💙📼รีวิวมหา’ลัยและแชร์ประสบการณ์จากรุ่นพี่ที่ 𝐓𝐡𝐞 𝐔𝐧𝐢𝐯𝐞𝐫𝐬𝐢𝐭𝐲 𝐨𝐟 𝐒𝐲𝐝𝐧𝐞𝐲
🤍พี่ 𝐖𝐈𝐍 บินตรง พาไปเจอรุ่นพี่ที่ 𝐓𝐡𝐞 𝐔𝐧𝐢𝐯𝐞𝐫𝐬𝐢𝐭𝐲 𝐨𝐟 𝐒𝐲𝐝𝐧𝐞𝐲 พร้อมรีวิวมหา’ลัยแบบจัดเต็ม!
😊สุ้ย สาขา 𝐃𝐨𝐜𝐭𝐨𝐫 𝐨𝐟 𝐏𝐡𝐢𝐥𝐨𝐬𝐨𝐩𝐡𝐲 (𝐋𝐚𝐰)
อยากไปเรียนต่อแบบนี้ แอดไลน์ปรึกษาพี่ๆ 𝐖𝐈𝐍 ฟรีทุกขั้นตอน คลิก https://bit.ly/2E2pE2p
.
🇦🇺The University of Sydney
🏆มหาวิทยาลัย TOP 18 ของโลก
🏆Group of Eight
.
🏅ทุนการศึกษาสูงสุด 20,000 AUD
📌ด่วน! ทุนมีจำนวนจำกัด
.
📼เหตุผลที่เลือกเรียนที่ The University of Sydney
✨อาจารย์คุณภาพระดับโลก 
✨เจ้าหน้าที่ของมหา’ลัย ดูแลซัพพอร์ตทุก Progress ของนักเรียน คอยติดตามนักเรียนตลอด
✨ผู้คนในมหา’ลัยมีความหลากหลายทางเชื้อชาติ ทำให้สภาพแวดล้อมดีและไม่จำเจ
✨การเดินทางสะดวก มีทั้ง Train, Tram, Metro และ Bus ที่ไปได้หลายที่ในเมืองและนอกเมือง
✨Sydney เป็นเมืองสบายๆชิลๆ อากาศดี มีทั้งร้านอาหารและของกินของใช้ที่เหมือนไทย เป็น Comfort Zone มากๆ
🔜ติดตาม WIN with U in Australia แบบจัดเต็ม!ได้ใน EP. ต่อไป
📍แล้วพบกัน Episode หน้านะคะ
.
#อุ่นใจไปกับWINEducation #wineducation
แอดไลน์ปรึกษาเรียนต่อกั",WIN Education Thailand,WIN Education,,,True,https://www.facebook.com/WINed.thailand,985541874147185,,,,,active,https://www.facebook.com/ads/library/?active_status=all&ad_type=all&country=TH&search_type=page&view_all_page_id=1805916103018074,2026-04-28T14:17:19.787935+00:00
facebook,,"📢#เรียนต่อ𝐔𝐊🇬🇧 รีวิวจากรุ่นพี่ที่ 𝐔𝐧𝐢𝐯𝐞𝐫𝐬𝐢𝐭𝐲 𝐨𝐟 𝐄𝐱𝐞𝐭𝐞𝐫
สาขา 𝐌𝐒𝐜 𝐀𝐜𝐜𝐨𝐮𝐧𝐭𝐢𝐧𝐠 𝐚𝐧𝐝 𝐅𝐢𝐧𝐚𝐧𝐜𝐞
😊เมจิใช้บริการผ่าน 𝐖𝐈𝐍 𝐄𝐝𝐮𝐜𝐚𝐭𝐢𝐨𝐧💙
แอดไลน์ปรึกษาพี่ๆ 𝐖𝐈𝐍 ฟรีทุกขั้นตอน คลิก https://bit.ly/2E2pE2p
.
💬อยากไปเรียนต่อป.โท เพราะตอนนี้ทำงานเป็นผู้ตรวจสอบบัญชีและอยากต่อยอดในด้าน Finance เพื่อทำงานในด้าน cooperate อื่นๆ ที่ advanced ขึ้น เลยตัดสินใจเลือกมหาวิทยาลัย University of Exeter เพราะเป็นมหาลัยที่ Ranking สูงและตัวคอร์สน่าสนใจเยอะมากๆ
💙พี่ WIN มีความ active และแนะนำเราเยอะมากๆ ประทับใจตรงที่ตอบคำถามเราได้ทุกอย่าง ไม่ว่าจะเป็นคำถามที่ยาก สำหรับใครที่สนใจไปเรียนต่อต่างประเทศ แนะนำ WIN Education ที่นี่ให้คำปรึกษาฟรี ไม่มีค่าใช้จ่าย
.
#อุ่นใจไปกับWINEducation #wineducation
แอดไลน์ปรึกษาเรียนต่อกับพี่ๆ WIN Education
Official Line id: @wineducation
คลิกที่ Link ไลน์ถามได้เลย https://bit.ly/2E2pE2p
www.win-ed.com
026617495👩‍☑️",WIN Education Thailand,WIN Education,,,True,https://www.facebook.com/WINed.thailand,1327816319184081,,,,,active,https://www.facebook.com/ads/library/?active_status=all&ad_type=all&country=TH&search_type=page&view_all_page_id=1805916103018074,2026-04-28T14:17:19.787935+00:00
facebook,,{{product.brand}} {{product.name}} lin.ee,WIN Education Thailand,WIN Education,,,True,https://www.facebook.com/WINed.thailand,1573524420366569,,,,,active,https://www.facebook.com/ads/library/?active_status=all&ad_type=all&country=TH&search_type=page&view_all_page_id=1805916103018074,2026-04-28T14:17:19.787935+00:00
facebook,,{{product.brand}} {{product.name}} lin.ee,WIN Education Thailand,WIN Education,,,True,https://www.facebook.com/WINed.thailand,900869826149413,,,,,active,https://www.facebook.com/ads/library/?active_status=all&ad_type=all&country=TH&search_type=page&view_all_page_id=1805916103018074,2026-04-28T14:17:19.787935+00:00
facebook,,"🎓รวมทุนป.โท สำหรับเด็กไทย จากท็อปยู UK ที่พลาดไม่ได้!
🏅 สมัครเรียนแล้วได้ทุนทันที ไม่ต้องยื่นเอกสารขอทุนให้ยุ่งยาก! 
💙สมัคร 𝐅𝐚𝐬𝐭 𝐓𝐫𝐚𝐜𝐤 กับพี่ 𝐖𝐈𝐍 แอดไลน์เลย https://lin.ee/Jsmnsgr
.
รวมทุนการศึกษาจากมหาวิทยาลัยท็อปยู UK
🇬🇧The University of Sheffield 
🇬🇧University of Bath 
🇬🇧University of East Anglia 
🇬🇧Newcastle University
🇬🇧University of York
🇬🇧University of Leeds
🇬🇧Henley Business School, University of Reading
🇬🇧University of Exeter
🇬🇧University of Southampton
🇬🇧University of Nottingham
🇬🇧Queen Mary University of London
.
🩵WIN Education 11 สาขาใกล้บ้านคุณ
📌 9 สาขาทั่วกรุงเทพและปริมณฑล เดินทางสะดวกติด BTS MRT
🏢สาขาจุฬา-สามย่าน : ชั้น 3 สามย่าน มิตรทาวน์
📞โทร: 02-219-1581 📲แอดไลน์: https://lin.ee/b6SnYhx
🏢สาขาเซ็นทรัลลาดพร้าว : ชั้น 8 เซ็นทรัลลาดพร้าว
📞โทร: 083-188-7544 📲แอดไลน์: https://lin.ee/64yOyTW
🏢สาขา Sukhumvit Emsphere : ชั้น 9 ตึก EM Tower Emsphere
📞โทร: 02-055-6040 📲แอดไลน์: https://lin.ee/jNmuSdTo
🏢สาขา Siam-MBK : ชั้น 4 MBK Center
📞โทร: 02-048-5710 📲แอดไลน์: https://lin.ee/",WIN Education Thailand,WIN Education,,,True,https://www.facebook.com/WINed.thailand,1508207790870459,,,,,active,https://www.facebook.com/ads/library/?active_status=all&ad_type=all&country=TH&search_type=page&view_all_page_id=1805916103018074,2026-04-28T14:17:19.787935+00:00
facebook,,"📢⚡เปิดเผยที่แรก! 𝐐𝐒 𝐖𝐨𝐫𝐥𝐝 𝐔𝐧𝐢𝐯𝐞𝐫𝐬𝐢𝐭𝐲 𝐑𝐚𝐧𝐤𝐢𝐧𝐠 วัดจากอะไร?
🏅ไขความลับการจัดอันดับที่ทุกคนอยากรู้! 
📍ฟังคำตอบจากตัวแทนมหาวิทยาลัย 𝐓𝐎𝐏 𝟐𝟎 ของโลก! 𝐔𝐍𝐒𝐖 𝐒𝐲𝐝𝐧𝐞𝐲

𝐔𝐍𝐒𝐖 𝐒𝐲𝐝𝐧𝐞𝐲
🏆มหาวิทยาลัย TOP 20 ของโลก (QS World University Ranking 2026)
🏆Group of Eight
🏅ทุนการศึกษาสูงสุด 20,000 AUD 
🎓อยากไปเรียนต่อ UNSW Sydney แอดไลน์ปรึกษาพี่ๆ 𝐖𝐈𝐍 ฟรีทุกขั้นตอน คลิก https://bit.ly/2E2pE2p

🩵WIN Education 12 สาขาใกล้บ้านคุณ
📌 9 สาขาทั่วกรุงเทพและปริมณฑล เดินทางสะดวกติด BTS MRT
🏢สาขาจุฬา-สามย่าน : ชั้น 3 สามย่าน มิตรทาวน์
📞โทร: 02-219-1581 📲แอดไลน์: https://lin.ee/rkTCk4o
🏢สาขาเซ็นทรัลลาดพร้าว : ชั้น 8 เซ็นทรัลลาดพร้าว
📞โทร: 083-188-7544 📲แอดไลน์: https://lin.ee/ZC9xAGK
🏢สาขาอโศก : ชั้น 3 อาคารจัสมิน ซิตี้
📞โทร: 02-661-7495 📲แอดไลน์: https://lin.ee/qO3HKqO
🏢สาขา Sukhumvit Emsphere : ชั้น 9 ตึก EM Tower Emsphere
📞โทร: 02-055-6040 📲แอดไลน์: https://lin.ee/g0BZlNk
🏢สาขา Siam-MBK : ชั้น 4 MBK Center
📞โทร: 02-048-5710 📲แอดไลน์: https://lin.ee/NmwfWAi
🏢สาขาเซ็นทรัลปิ่นเกล้า : ชั้น 6 เซ็นทรัลปิ่นเกล้า
📞โทร: 081-145-55",WIN Education Thailand,WIN Education,,,True,https://www.facebook.com/WINed.thailand,931856429229357,,,,,active,https://www.facebook.com/ads/library/?active_status=all&ad_type=all&country=TH&search_type=page&view_all_page_id=1805916103018074,2026-04-28T14:17:19.787935+00:00
facebook,,{{product.brand}} {{product.name}} win-ed.com,WIN Education Thailand,WIN Education,,,True,https://www.facebook.com/WINed.thailand,26818550714452718,,,,,active,https://www.facebook.com/ads/library/?active_status=all&ad_type=all&country=TH&search_type=page&view_all_page_id=1805916103018074,2026-04-28T14:17:19.787935+00:00
facebook,,{{product.brand}} {{product.name}} lin.ee,WIN Education Thailand,WIN Education,,,True,https://www.facebook.com/WINed.thailand,2052587021974484,,,,,active,https://www.facebook.com/ads/library/?active_status=all&ad_type=all&country=TH&search_type=page&view_all_page_id=1805916103018074,2026-04-28T14:17:19.787935+00:00
facebook,,{{product.brand}} {{product.name}} win-ed.com,WIN Education Thailand,WIN Education,,,True,https://www.facebook.com/WINed.thailand,1330624279119277,,,,,active,https://www.facebook.com/ads/library/?active_status=all&ad_type=all&country=TH&search_type=page&view_all_page_id=1805916103018074,2026-04-28T14:17:19.787935+00:00
facebook,,"Study in the UK Fair 💫 งานรวมดาวท็อปยูจากสหราชอาณาจักร 🇬🇧
ที่มาเปิดโต๊ะพูดคุยแบบตัวต่อตัว 👩🏻‍💻 ให้กับน้อง ๆ ที่อยากเรียนต่อ UK ทุกระดับทั้งปริญญาตรี-โท-เอก!!
✅ พูดคุยรายละเอียดคอร์สเรียน
✅ สอบถามข้อมูลทุนการศึกษา
✅ เช็กไทม์ไลน์และเกณฑ์การรับสมัคร
ทุกข้อสงสัยที่ว่าที่นักเรียน UK อยากรู้ > เจ้าหน้าที่พร้อมตอบให้เป๊ะ 😎
. . .
เช็กรายละเอียดอีเวนต์แล้วเตรียมตัวมาพบกันดีกว่า
[ 𝑺𝒕𝒖𝒅𝒚 𝒊𝒏 𝒕𝒉𝒆 𝑼𝑲 𝑭𝒂𝒊𝒓 งานเรียนต่ออังกฤษ สมัครเรียน-รับข้อมูล-พบมหาวิทยาลัย ]
📆 เสาร์ที่ 9 พฤษภาคม 2569
🕑 14:00 – 18:00
📌 โรงแรม Novotel Bangkok on Siam Square ชั้น B1
🚈 BTS สยาม ทางออกที่ 6 / จอดรถฟรีที่โรงแรม
เข้างานฟรี จอสระอึ้งเลยล่ะ!! คลิก https://handsonth.link/4e0G6Sk
____________________
#เรียนต่อต่างประเทศ #เรียนต่อUK #เรียนต่ออังกฤษ #StudyInUK #HandsOnEducationConsultants hands-on.co.th",Hands On Education Consultants,Hands On Education,,,True,https://www.facebook.com/HandsOnEdu,922864410751721,,,,,active,https://www.facebook.com/ads/library/?active_status=all&ad_type=all&country=TH&search_type=page&view_all_page_id=108080895911317,2026-04-28T14:17:19.787935+00:00
facebook,,{{product.brand}} {{product.name}} win-ed.com,WIN Education Thailand,WIN Education,,,True,https://www.facebook.com/WINed.thailand,1002095892482769,,,,,active,https://www.facebook.com/ads/library/?active_status=all&ad_type=all&country=TH&search_type=page&view_all_page_id=1805916103018074,2026-04-28T14:17:19.787935+00:00
facebook,,{{product.brand}} {{product.name}} win-ed.com,WIN Education Thailand,WIN Education,,,True,https://www.facebook.com/WINed.thailand,951245320644683,,,,,active,https://www.facebook.com/ads/library/?active_status=all&ad_type=all&country=TH&search_type=page&view_all_page_id=1805916103018074,2026-04-28T14:17:19.787935+00:00
facebook,,"🇬🇧 #เรียนต่อUK ไปกับ WIN รวมรุ่นพี่ที่ได้ Offer จากมหาวิทยาลัย Top UK และบินไปเรียนต่อจริง ผ่าน WIN Education
👉อยากไปเรียนต่อแบบนี้ แอดไลน์ปรึกษากับพี่ๆ WIN ฟรีทุกขั้นตอน คลิก https://lin.ee/pxBXTNo
.
😊คุณฝ้าย ศึกษาต่อที่ 𝐔𝐧𝐢𝐯𝐞𝐫𝐬𝐢𝐭𝐲 𝐨𝐟 𝐁𝐚𝐭𝐡 
😊คุณพั้นช์ ศึกษาต่อที่ 𝐔𝐧𝐢𝐯𝐞𝐫𝐬𝐢𝐭𝐲 𝐨𝐟 𝐒𝐡𝐞𝐟𝐟𝐢𝐞𝐥𝐝 
😊คุณเจนนี่ ศึกษาต่อที่ 𝐔𝐧𝐢𝐯𝐞𝐫𝐬𝐢𝐭𝐲 𝐨𝐟 𝐁𝐚𝐭𝐡 
😊คุณมัดหมี่ ศึกษาต่อที่ 𝐔𝐧𝐢𝐯𝐞𝐫𝐬𝐢𝐭𝐲 𝐨𝐟 𝐁𝐚𝐭𝐡 
😊คุณผิน ศึกษาต่อที่ 𝐔𝐧𝐢𝐯𝐞𝐫𝐬𝐢𝐭𝐲 𝐨𝐟 𝐁𝐚𝐭𝐡  
😊คุณสต็อป ศึกษาต่อที่ 𝐔𝐧𝐢𝐯𝐞𝐫𝐬𝐢𝐭𝐲 𝐨𝐟 𝐒𝐡𝐞𝐟𝐟𝐢𝐞𝐥𝐝 
😊คุณยีน ศึกษาต่อที่ 𝐔𝐧𝐢𝐯𝐞𝐫𝐬𝐢𝐭𝐲 𝐨𝐟 𝐁𝐚𝐭𝐡 
😊คุณเนย์ ศึกษาต่อที่ 𝐔𝐧𝐢𝐯𝐞𝐫𝐬𝐢𝐭𝐲 𝐨𝐟 𝐁𝐚𝐭𝐡 
😊คุณเบ็น ศึกษาต่อที่ 𝐔𝐧𝐢𝐯𝐞𝐫𝐬𝐢𝐭𝐲 𝐨𝐟 𝐋𝐞𝐞𝐝𝐬 
😊คุณเกรซ ศึกษาต่อที่ 𝐔𝐧𝐢𝐯𝐞𝐫𝐬𝐢𝐭𝐲 𝐨𝐟 𝐑𝐞𝐚𝐝𝐢𝐧𝐠 
🩵ขอขอบคุณทุกความไว้วางใจ เพราะทุกความสำเร็จของน้องๆ คือความภูมิใจของเรา 🙏
.
💙พี่ WIN พร้อมดูแลฟรี ไม่มีค่าใช้จ่าย สบายกว่าทำเอง!
🔸ช่วยเลือกมหาวิทยาลัยและหลักสูตรที่เหมาะสมกับน้องๆที่สุด
🔸ตรวจเอกสารและ SoP
🔸ดำเนินการยื่นใบสมัครและติดตามผล
🔸ดำเนินการสมัคร VISA
🔸จัดหาหอพัก วางแผนการเดินทาง
🔸สัมมนาเตรียมความพร้อมก่อนเดินทาง
.
📲Official Line id: .@𝘄𝗶𝗻𝗲𝗱𝘂𝗰𝗮𝘁𝗶𝗼𝗻
คลิกที่ Li",WIN Education Thailand,WIN Education,,,True,https://www.facebook.com/WINed.thailand,830447669350436,,,,,active,https://www.facebook.com/ads/library/?active_status=all&ad_type=all&country=TH&search_type=page&view_all_page_id=1805916103018074,2026-04-28T14:17:19.787935+00:00
facebook,,"🎓รวมทุนป.โท สำหรับเด็กไทย จากท็อปยู UK ที่พลาดไม่ได้!
🏅 สมัครเรียนแล้วได้ทุนทันที ไม่ต้องยื่นเอกสารขอทุนให้ยุ่งยาก! 
💙สมัคร 𝐅𝐚𝐬𝐭 𝐓𝐫𝐚𝐜𝐤 กับพี่ 𝐖𝐈𝐍 แอดไลน์เลย https://lin.ee/Jsmnsgr
.
รวมทุนการศึกษาจากมหาวิทยาลัยท็อปยู UK
🇬🇧The University of Sheffield 
🇬🇧University of Bath 
🇬🇧University of East Anglia 
🇬🇧Newcastle University
🇬🇧University of York
🇬🇧University of Leeds
🇬🇧Henley Business School, University of Reading
🇬🇧University of Exeter
🇬🇧University of Southampton
🇬🇧University of Nottingham
🇬🇧Queen Mary University of London
.
🩵WIN Education 11 สาขาใกล้บ้านคุณ
📌 9 สาขาทั่วกรุงเทพและปริมณฑล เดินทางสะดวกติด BTS MRT
🏢สาขาจุฬา-สามย่าน : ชั้น 3 สามย่าน มิตรทาวน์
📞โทร: 02-219-1581 📲แอดไลน์: https://lin.ee/b6SnYhx
🏢สาขาเซ็นทรัลลาดพร้าว : ชั้น 8 เซ็นทรัลลาดพร้าว
📞โทร: 083-188-7544 📲แอดไลน์: https://lin.ee/64yOyTW
🏢สาขา Sukhumvit Emsphere : ชั้น 9 ตึก EM Tower Emsphere
📞โทร: 02-055-6040 📲แอดไลน์: https://lin.ee/jNmuSdTo
🏢สาขา Siam-MBK : ชั้น 4 MBK Center
📞โทร: 02-048-5710 📲แอดไลน์: https://lin.ee/",WIN Education Thailand,WIN Education,,,True,https://www.facebook.com/WINed.thailand,3941507892808818,,,,,active,https://www.facebook.com/ads/library/?active_status=all&ad_type=all&country=TH&search_type=page&view_all_page_id=1805916103018074,2026-04-28T14:17:19.787935+00:00
